conductor,perfil,detenciones_km,vel_mov_media,vel_media,pct_detenido,acel_pos_media,pct_sobre_60,energia_cinetica_km,desnivel_pos_km,km_dia,masa_kg,cilindrada_l,y_conservador,y_base,y_optimista,ahorro_semana1,litros_dia_s2,km_dia_s2,km_declarado,horario_ord,autopista_ord,perfil_colectivo,perfil_aplicacion,perfil_particular
S001,colectivo,3.252284292601053,23.199597041463026,19.658721534648112,15.278129139075299,0.6164592552950696,4.780493793879863,0.2126440447074261,3.38975194735647,231.64082950992616,1408.9460466248552,1.6400664605453468,14.368987135490043,18.175946861065864,20.55032588958819,18.007246127720084,19.51892697457307,224.05188976077798,240.0,2,0,1,0,0
S002,colectivo,3.549646535272174,22.035263665617542,18.529462259954805,15.890771583670489,0.6257012974656855,4.345110273122612,0.2216488899305952,7.821582661555968,178.0043912584304,1298.4072324529316,1.2224116608221376,16.134077082474157,20.23425738512568,22.87416145723812,20.73936489596055,12.353302252935299,169.0582595439659,150.0,2,0,1,0,0
S003,colectivo,3.7641212836996316,22.16426081532733,18.238852258504735,17.716600106844158,0.6250068739196651,4.493964243243366,0.2196405796057336,2.534994438927069,148.26536235048826,1480.296178825709,1.596613317236141,15.069203160373274,19.200658589053162,21.763061103970855,18.735230838621263,12.475988708131908,142.27346639150306,140.0,2,0,1,0,0
S004,colectivo,2.648120516767789,26.466516623034373,22.59340522112282,14.68813541974195,0.6276372880739727,8.31643811210464,0.2115356578292146,1.9606930042569264,224.88712422952727,1383.6934961260542,1.4859552533251394,15.549761490343151,19.857254026458584,22.52074484059724,19.235467750849637,16.851113080074576,221.67685992271623,260.0,2,0,1,0,0
S005,colectivo,2.2840936156154905,30.97746044826883,26.486763955180226,14.52854116721654,0.6681551447987539,12.570438631107752,0.2210421419435594,2.6719052320430228,202.11828159712704,1600.7758615079745,2.1134928973653215,13.930808677709251,18.76823332527742,21.797114370259493,19.316142948024,18.623656425565194,215.66331028760615,220.0,1,0,1,0,0
S006,colectivo,2.802166182682387,25.932814668497645,22.034030752413855,15.051565280315382,0.6394007659873486,7.289060196259302,0.2207206368034993,2.6683671154354913,157.61416291891237,1488.011934353342,1.6781714433410015,15.002262797121627,19.531030480084144,22.364686535886364,19.08092699569033,13.634878783160735,161.95374190603897,130.0,1,0,1,0,0
S007,colectivo,3.043806965576959,24.994493002378086,21.117460671050516,15.496238916851903,0.6459067410642679,7.067239991025502,0.22229507035645651,2.4485402255404685,233.83625220244394,1292.0119256745982,1.4601208740683504,14.728726314347451,18.75991033423431,21.30342591095357,18.376301601739005,17.43324547260249,239.53017381418218,210.0,2,0,1,0,0
S008,colectivo,2.934377003007199,26.718600087035004,22.289703012712874,16.633623324513284,0.672937863273826,8.084626955132295,0.22954374131679994,5.122956133564334,183.54527392776689,1372.771848670068,1.293452950447101,17.75345084600099,22.729483333543744,25.818864076255775,21.94340177108655,12.892893036326058,173.80028521649925,150.0,2,0,1,0,0
S009,colectivo,2.878645532677756,24.814560552631626,21.246023089483447,14.410822333344228,0.6126557543412585,6.439026979363964,0.20658013768881278,11.251146195745198,172.88387351849295,1340.2267124971618,1.3998420198278363,15.87442388696272,19.946578773267486,22.57367612201139,20.157424042128476,12.678087058334054,163.91701882906818,170.0,2,0,1,0,0
S010,colectivo,3.332741809903901,23.638881656751572,19.73886514717539,16.493297172881082,0.6274332657707922,5.327361976366701,0.21817258919470928,1.4761160543289717,137.52019313607207,1611.9220451449446,1.9766198615944652,13.8792184128338,18.12710857612312,20.72974974301332,18.145766535651287,13.832192443686049,139.74444418292822,160.0,2,0,1,0,0
S011,colectivo,3.3859468910067,22.941596186566812,19.361230842025787,15.6293778599676,0.642124682097414,4.348567973338981,0.2350235208428685,5.039487363981337,159.37623611777954,1561.02185834779,1.9456266385518943,14.339200993076108,18.56295855517149,21.176702697630514,19.381181955320113,16.679683772081905,164.62020418167089,180.0,2,0,1,0,0
S012,colectivo,2.4215338802542705,28.72366107565772,24.585833578054977,14.400374827356483,0.642615667295803,10.15293906318104,0.2074044310848767,3.0348205359797276,224.0285399835815,1276.115368064118,1.284758955545356,16.180633613458735,20.420285806421827,23.01751879564737,19.670907444263914,17.595900770682082,244.41027953408056,230.0,2,0,1,0,0
S013,colectivo,2.8124064096904413,26.24367247778421,22.16812896696347,15.529539048478195,0.6506962751907122,7.462745223168111,0.22244575443185582,2.5462576579474776,233.7864365416201,1421.3341887174104,1.4242697001496,14.678393816755765,19.054288449359756,21.79687806630473,20.44395257743999,15.261187872213483,213.103601449626,180.0,1,0,1,0,0
S014,colectivo,2.8591853664646605,25.65833621668842,21.819193814793216,15.02326631782291,0.6306927234903187,7.524330437054236,0.21568206899814565,7.667152305240011,242.91173361168936,1312.192828035205,1.3500979240951294,15.967280101041949,20.15912741683289,22.82326348173517,20.445379913290886,17.457383336762092,238.083434654919,190.0,1,1,1,0,0
S015,colectivo,3.7197930301152398,21.866749132133258,18.14749044303301,17.075916456649264,0.6192581118847624,3.982581805865884,0.21830298054668967,3.3247104494173527,191.23365351300953,1537.285814038438,1.953344851829454,13.606264624470654,17.461255570733165,19.845680735119277,17.647721986455213,19.209337722975196,196.35408187902243,180.0,2,0,1,0,0
S016,colectivo,2.830603775328639,26.675385938390075,22.602927894597826,15.24224722349554,0.6546604351418899,8.393994612256519,0.22652649419488297,4.127364947305981,177.20911875543058,1560.8473250663235,1.7175257625887856,15.30006197978626,20.175804564104027,23.24365995221359,20.167482635044326,16.153602161810547,183.0484499008393,210.0,2,0,1,0,0
S017,colectivo,3.394646091021316,23.40839946818825,19.813321454306468,15.356720268412115,0.6534854994102,5.554860871369605,0.23888318028866223,3.1791096596119974,232.34910008049147,1309.2425327947963,1.3138596526844313,17.166579101792657,21.63233375692601,24.508472743596336,20.63303981118082,17.60218313217812,224.75675677301115,240.0,2,0,1,0,0
S018,colectivo,3.228735519532355,25.044445948862208,20.814953789996732,16.97921130040861,0.6500325427272919,7.168242642045877,0.2190128721034046,4.972533261078757,145.12067265381992,1430.2256108096035,1.475358309403986,16.387611113572145,20.938295691816798,23.808925474201644,19.85667818628579,11.907570218418723,135.04255125138758,120.0,2,0,1,0,0
S019,colectivo,2.926527422129871,25.701044099670135,21.760281550049676,15.40915573971354,0.628439903551857,6.843225634932473,0.20856131347776735,2.0189131190186878,215.6331195200854,1570.7208421962914,1.6067525036777752,15.059818574142511,19.630367621892155,22.40537435772947,19.461572514701505,17.768867814923638,208.80852170306002,230.0,1,0,1,0,0
S020,colectivo,3.6289502894544,21.886918476845175,18.40495465693567,15.987056419575215,0.5994572319001187,5.005447197831823,0.20893591783040927,5.56632941501414,194.22718830056272,1486.3888890091555,1.6259414086199573,13.737493901935949,17.41242270075172,19.749130759295795,18.45601287225564,18.984286649766638,209.85086549623102,180.0,2,0,1,0,0
S021,colectivo,3.1448541856976986,25.075627325914446,20.981189923180477,16.353291018268166,0.6374502921085531,7.518975291129671,0.21371191383760763,2.4477986363774997,240.05788987630945,1511.8565177929834,1.605716542013698,15.45188141533765,19.86427006885773,22.56458733599499,19.310844682634944,20.321051284286778,232.57486394741136,210.0,2,0,1,0,0
S022,colectivo,3.7045852022250054,22.167432607992858,18.42659927135707,16.92153007588736,0.6222405490393699,5.016172384198149,0.21801578233295768,3.0016781818152944,183.21945969646376,1606.6399023728407,2.003737210695024,13.45483417214377,17.27345186612296,19.65748728902346,18.02296293518584,19.193356985718122,180.59762027105575,160.0,2,0,1,0,0
S023,colectivo,2.798103013431414,26.940656525418007,22.797422685150607,15.469984604523583,0.6424731786671657,9.280406178556445,0.2128761339624415,2.0214546830881894,189.00927705328496,1283.861063639682,1.1889497268873588,15.978364016289602,20.257799469664675,22.95280572768031,20.583423312921187,12.14969921958632,186.6591580898243,210.0,2,1,1,0,0
S024,colectivo,2.801280685869372,26.34575011114066,22.22310150463967,15.66115982446938,0.6501162557052871,7.725919685940826,0.2265821630879789,2.4846579513956817,209.0904515394433,1490.8184751313752,1.9003075718384244,14.445187561636915,18.601682486415314,21.12973609820945,19.374024767920396,19.961343676449054,212.14908870463955,240.0,1,0,1,0,0
S025,colectivo,3.1053480584751743,24.605110500185795,20.74916374332285,15.776733482204056,0.6119078408371926,6.940878684332962,0.20470803753863676,3.356678634653624,209.113559369145,1466.1552216107236,1.817070033516479,13.583830054925121,17.350844611326462,19.643494412930284,17.16832179763677,18.457756114119626,202.65160856042263,170.0,2,0,1,0,0
S026,colectivo,2.6102111910773047,27.22572655515588,23.14451312189831,15.049892127527404,0.6355662769416188,7.969250424682945,0.21346395781732727,9.079637791903163,189.3833641854503,1523.7186143772358,1.8319476400368182,15.74436352324789,20.342859383615746,23.240472834625606,19.970631218907705,17.067484114110258,187.71743397487427,150.0,2,1,1,0,0
S027,colectivo,3.6242557278432224,22.389472689124112,18.746629824582374,16.32273860875271,0.6475032919190722,4.550491264254392,0.23799634786989327,3.8684898774308096,200.4629558190309,1585.4386482265793,2.0388029349107217,14.662731582244762,19.0583523075377,21.854152508105486,18.58506301966189,20.096939123484624,199.51014589102397,200.0,2,1,1,0,0
S028,colectivo,2.8546607199687117,25.646800202011367,21.784734029279054,15.081197144328872,0.6558745683165647,6.938806826392207,0.22812866273171273,8.238682946330027,215.42240424929756,1386.201387157345,1.5115120827828943,16.796752121252567,21.547225913011765,24.53609892844015,20.8480555382536,16.755015246443726,214.5097176216647,200.0,2,0,1,0,0
S029,colectivo,3.11772942450478,24.30183281238234,20.400448843920305,16.071556011407274,0.6288518496243334,5.685322642600841,0.21589742720949817,2.7212946825116062,184.66635778204562,1356.6847619615778,1.5224694354580888,15.113484854115192,19.13582544831474,21.58487501209201,18.689214325398503,13.792557643962514,179.94716656501265,220.0,2,0,1,0,0
S030,colectivo,2.7843325547304656,26.216914076556225,22.28919067299461,14.9927828155573,0.6302754388419124,6.699969464500805,0.20753146869287722,9.452043977977524,201.0605270344426,1614.3459146060359,1.8099543268262437,15.287492434236677,19.862079671404352,22.678858476667386,21.016849577671607,18.45302925843148,204.93979566762079,190.0,2,0,1,0,0
S031,colectivo,3.7152254856985785,22.69607561919734,18.82250687880936,17.05972478580579,0.6626958053706414,4.973772747304425,0.24687753343106808,13.17236498140959,145.40012448672155,1485.0943054455136,1.7270496617101758,16.825164079525667,21.644471961818994,24.68090187083009,21.669084393759455,13.124440439259104,143.90485968256968,160.0,2,0,1,0,0
S032,colectivo,3.2989713035322645,24.8816367655852,20.815174109367085,16.611574589635577,0.6591727007181494,6.759412295945978,0.23533134588464985,5.081371513883594,189.51636160552528,1301.888885819869,1.4712760944172476,16.34043003160831,20.69281315698569,23.451543265112967,20.163331500626377,16.43147243904382,203.0823722185505,150.0,2,0,1,0,0
S033,colectivo,2.837736628342113,26.120750753657223,22.117141017918037,15.348888373365602,0.6368212940285616,7.712369501352145,0.21619079217766818,2.136158574797323,189.2868592032318,1302.6136027060752,1.2680360571005038,15.893593114796463,20.137610418317657,22.80842502700978,19.26887897319861,13.78926694145278,190.65570639762024,190.0,2,0,1,0,0
S034,colectivo,2.438397416928892,28.73609202081287,24.739781432137267,13.996663952429776,0.6181555307955039,10.120703780532931,0.19909260593777656,2.8096586844984337,192.641697232666,1399.507803073876,1.4842909575641277,14.867222818839426,18.930943531191886,21.43143598474173,18.656033374847322,14.753553161627432,194.89590752708162,190.0,1,0,1,0,0
S035,colectivo,3.4327430867322506,23.431280087092095,19.44843184381878,17.020940512022552,0.634377932212372,5.4144245342141195,0.2223507455934452,5.054997200437347,171.04279582488218,1501.8106476196767,1.6547959362311242,15.417439645587994,19.704312650073437,22.375572611354798,19.56518777331884,15.714123392621733,173.76135660944763,140.0,2,0,1,0,0
S036,colectivo,3.304939473021291,23.640257964390145,19.929976528956693,15.704256450992322,0.6433829786941094,6.155607210277957,0.2248412600312948,5.269521376533369,162.2962952645774,1389.064302390738,1.3784265873855956,15.793652736400432,20.16273109499105,22.952706845527274,20.580422548566887,12.542293761727365,161.05579540896153,170.0,2,0,1,0,0
S037,colectivo,3.148325737092173,23.584558506843976,20.007245848971404,15.205934726138542,0.6154777784837345,5.150314317941008,0.21738390207989539,6.163520108324997,193.52112562799292,1392.8204963125854,1.6184694278573841,14.818791777947098,18.862488915677577,21.353458785606232,19.304558129130342,15.328906814671834,202.8405151463412,180.0,2,1,1,0,0
S038,colectivo,3.111653079518809,25.178328460073363,21.0923880522117,16.2592283620687,0.6525947251428335,6.64677283296287,0.2275933846002475,2.803415664681061,188.42398020731758,1500.240132040752,1.650062184245672,15.662105744935927,20.42268602740698,23.33660041972479,20.30776608550808,16.412418931850635,200.78258508166172,200.0,0,0,1,0,0
S039,colectivo,2.2553334051392686,30.323717142438067,26.117961960091453,13.906743400649782,0.6559972905752638,12.179124742304683,0.21689694541083315,2.508262124496084,153.07657704220352,1451.8214245039426,1.6227786935318962,15.315730367913748,20.05674291120739,23.01218050991299,19.887288217166063,11.570756170034894,150.20403836842752,160.0,1,0,1,0,0
S040,colectivo,3.364704945758681,23.398673676658994,19.77821150128451,15.605273124008324,0.6499406425843877,5.459673061720127,0.23916034006866055,10.558894024503422,158.74007895825997,1469.1632021066755,1.838791972403391,16.38100448971188,20.948012950559267,23.885042185152756,20.648707528997186,14.203890582207256,152.6288371390725,150.0,2,0,1,0,0
S041,aplicacion,2.388679558470233,27.345999223644565,24.028556551651715,12.276962578618871,0.5823384520026175,10.299255819417741,0.1859862743359469,2.790638105837922,139.16916283404782,1252.725403131379,1.208354238937335,13.774637114421093,17.169537553030704,19.407753528588465,17.302499512151584,9.274271835647927,140.0244129690199,110.0,2,1,0,1,0
S042,aplicacion,1.7466235840925137,32.95244129133911,29.143628688422506,11.577356828101946,0.6247080265638271,15.688892093765498,0.20011777831835417,17.368840156393244,190.2076114398398,1549.4060864948399,1.9600539449807695,15.8854513047854,20.772587509179605,24.002388603294435,21.144112575062035,15.6041152778715,189.05613478917908,200.0,2,1,0,1,0
S043,aplicacion,1.9827463695774852,28.338651903634382,25.443958398897053,10.300161876756556,0.5880162722967508,10.439168825160662,0.19528351013377193,6.864249027552606,224.44935698784303,1513.0791377813998,2.015435700499917,12.625675166722136,16.20902849275792,18.567543592801474,17.22251892611611,20.958363584035208,248.2618079760607,210.0,1,1,0,1,0
S044,aplicacion,1.7471928236585827,30.474265669545893,27.47443937486338,9.935451608007662,0.5619884947893208,12.944449242444241,0.1771495832057104,2.2235854037144382,151.47109061856077,1531.2542791190674,1.8776445593210729,11.345358034461393,14.498519379148872,16.559338988431826,15.692152278990351,12.027488637161799,153.5052486124518,170.0,2,1,0,1,0
S045,aplicacion,1.6978767960463408,32.34312259281877,28.883972312529455,10.707085174383845,0.5978203707988438,15.044282972556578,0.19038906095195451,2.042677459439198,162.13102513121598,1514.8959441929692,1.8906715717817077,12.149914159855582,15.776573718977962,18.119384955335217,16.20783343303606,12.615070513297727,166.55984495119128,150.0,1,1,0,1,0
S046,aplicacion,1.7053041945938017,33.39809558622811,29.922408554149143,10.465688415003914,0.5812807137282838,16.797737609146655,0.16977620819409528,6.010593129197981,134.25387057967865,1305.7153569124669,1.5647194410999814,11.709918708566757,14.707900101936028,16.72657276745771,14.036851997924657,9.620552045504024,134.33837511515677,160.0,2,2,0,1,0
S047,aplicacion,1.9635148060200305,28.99800760481,26.017690971773657,10.355650846063353,0.5738434361371288,13.15575594243854,0.1814979097180182,3.7620199748974295,112.68496974397142,1228.0442410397854,1.233323341002439,12.800335371058036,15.861480099918078,17.917171179270838,15.646082455395371,7.528380169560923,112.39894404940128,130.0,2,1,0,1,0
S048,aplicacion,2.5631974798402943,25.81826380533559,22.607143617377325,12.451575265028138,0.5917880521482618,9.341526367148468,0.19803287052893523,5.540703659805531,166.91984541491826,1495.1964618772793,1.7786527580969516,13.104390254699807,16.747984196528346,19.17509087132059,17.451152252113864,13.90335448579415,169.03999270998136,170.0,2,1,0,1,0
S049,aplicacion,1.744272528149067,32.42863875346173,28.907683143053028,10.909952989715189,0.603706698140698,15.070268127540766,0.1851053116752237,2.962772293409028,223.52178540259894,1337.5182862600145,1.4916917722434924,13.537552613920733,17.20265240564216,19.564680660128435,16.917155047026394,15.94063358763824,228.9182253989684,270.0,2,1,0,1,0
S050,aplicacion,1.6673187412593773,34.64328210633004,30.893554931418095,10.909579136824478,0.6187246361617416,17.180536750486812,0.19024291163386545,5.410483899476648,150.00812182811495,1257.0969166409059,1.1912107311891924,14.450132745273912,18.48201692676716,21.099691106674467,17.616877354465483,9.942773138143709,162.71464311266888,140.0,2,1,0,1,0
S051,aplicacion,2.474034172065438,26.21023948274479,22.944398763540438,12.522484266097766,0.5794573074011576,8.749397906780699,0.18926916666898208,5.819232718851809,149.93672796578966,1322.1320198506016,1.3297026197029131,14.341347625182818,17.709404794078477,19.991217878931856,17.527624040360987,11.05518073125888,149.97929233653355,130.0,2,0,0,1,0
S052,aplicacion,1.4556946813109843,33.76239577291558,30.675526225637572,9.177826172202645,0.5896046149990096,16.41680001480065,0.1837601690733121,9.046135834235294,207.0297157223781,1245.57322794658,1.2247295713190045,13.718183436825646,17.257288490692705,19.616000521941288,18.219475706041774,12.875752548083444,211.4945116288436,200.0,1,0,0,1,0
S053,aplicacion,1.402508672963502,37.162914484635444,33.49764977107337,9.870359543574441,0.5948899852100012,20.824030398762748,0.17030102122470897,6.338557684512329,130.18766080939093,1406.67214173132,1.722776141477678,13.15068961706675,16.747267547920195,19.08557894577262,15.009379811203125,10.614597517898705,138.35139424142952,120.0,2,2,0,1,0
S054,aplicacion,1.8711406009669989,31.472607976297958,27.939432748091953,11.263046859728398,0.6036269506169913,13.825706044250541,0.17901111073040893,2.6609248972427233,194.28765765788938,1393.7321531598234,1.668377733924581,12.900993016170773,16.462591313832927,18.785903938561287,15.678406029801504,14.763784158827338,195.36932753907047,160.0,2,1,0,1,0
S055,aplicacion,1.427264436909501,34.21650982796775,30.923799465009875,9.61618357293112,0.5682897891060297,16.62147360284534,0.16566950278916678,6.780406278118294,206.52389088875162,1510.361695491957,2.019615267971841,11.399229011359846,14.658167347002,16.78519487466725,14.864642619022975,15.24097737729799,203.1371134881104,190.0,1,2,0,1,0
S056,aplicacion,2.15089736349717,29.538562613591825,25.939321374702935,12.242209723787278,0.5989408331649357,12.045545094317877,0.19013675357950102,2.837861903105618,151.74064918682896,1560.78150926651,1.9976883617928,11.523900802448027,15.045112568845166,17.36016159733549,16.05276550528364,12.901320616725958,155.28177189832195,170.0,2,1,0,1,0
S057,aplicacion,1.3674643551214511,36.53206979783802,32.85940940361832,10.035441457385279,0.5881813648104504,20.413288784101262,0.16674105783461748,4.5659388236374285,180.81254016501492,1391.9933274359437,1.5189382278899144,13.68667144241759,17.61369834934588,20.145330382735978,15.528367928759758,12.343011360544462,180.28347547280066,180.0,1,2,0,1,0
S058,aplicacion,2.149475692979754,29.34078284586017,26.15797093667438,10.899026233559331,0.6252770753950456,11.266015358574546,0.21024819247356752,6.567518486210341,205.27376251588893,1544.3360416134738,1.9358115141568142,14.947189393561109,19.35198220731242,22.22225261278596,18.275939639981537,18.835690398684072,218.35806005444653,180.0,2,1,0,1,0
S059,aplicacion,1.9183457179939574,30.202585577578724,26.832653919664402,11.190359294455373,0.5946961292976453,12.988493296051441,0.18417485147926005,2.1790735339009606,191.11863904777664,1447.1488517598934,1.6599457421682315,12.510043011695338,16.050858079126566,18.38509154318265,16.18445156357355,14.66400926075941,192.58229061350852,200.0,2,1,0,1,0
S060,aplicacion,1.3024572449719574,36.39088977008048,33.12768200183358,9.07840743664573,0.5537424392329042,18.511784334884535,0.1607220985183615,10.18075809988133,122.78489473191527,1547.4367335602565,1.8152051438790149,12.468942777044498,16.28643534197003,18.805875383210743,16.376990703905957,9.467054542398008,127.47602457516295,150.0,1,1,0,1,0
S061,aplicacion,1.3847456039353183,35.93438930343273,32.87160326396282,8.659610633652559,0.5847210542041313,19.50684310901596,0.17459385247708303,5.646413831732554,220.77442860898964,1442.7167853914295,1.619574549915801,11.910965594749362,15.278726986949152,17.485369748893657,16.342463884500138,14.705958603774224,213.04760226179047,210.0,1,1,0,1,0
S062,aplicacion,1.9270884768787142,32.667102543876105,28.987334207345516,11.403960649254731,0.6083065369011317,16.421606830239888,0.1840719375105225,2.9076942354323734,136.6256233540855,1370.138136660307,1.614888928782675,13.228496057418688,16.92637274785911,19.352763073674463,15.908727610999332,8.906066315721072,122.25487827442217,110.0,2,1,0,1,0
S063,aplicacion,3.0122483049255977,21.835751251690162,19.24051080691334,11.8958542506994,0.5723046521124948,3.423442457673624,0.20327169187676888,2.8465410174873633,121.87762223056504,1500.2261715818177,1.8039785975110045,12.993659260773091,16.32515472734206,18.55618161195256,16.450955913631734,11.173622378927414,123.3020755452025,140.0,2,0,0,1,0
S064,aplicacion,2.3222577934576476,27.756716581506907,24.357301395871836,12.32154247976155,0.6029504824131063,9.661888604855987,0.19234297541825618,2.4764994980762056,206.81056556851436,1244.7418987572291,1.4239278831493534,13.938310947112354,17.37707582321119,19.667888533201285,16.20792799853813,14.783574878328732,207.4401837585042,190.0,2,1,0,1,0
S065,aplicacion,1.7914422299062476,31.395245050127052,28.172746944305636,10.283515238089583,0.6205117377467939,13.968560151310598,0.20274631080774919,2.863860216861345,187.95098745821946,1314.458125990747,1.2113754024423915,16.321675975829415,20.791562957236163,23.72114149966092,19.54156013625283,12.635885280759577,195.2652822275274,190.0,2,0,0,1,0
S066,aplicacion,2.292788585537687,29.30585036568897,25.97841419411892,11.734305114945878,0.6025295418535838,11.921989569460427,0.20045017216201014,4.469432268951069,147.8518577769118,1230.4850190233763,1.2978929180084866,13.017727533203391,16.33598771099032,18.54846901804528,16.578330880554663,10.39766460083197,155.08132925587387,130.0,2,0,0,1,0
S067,aplicacion,1.9034127843484967,30.52022449003443,27.437139654727538,10.250322562053324,0.6122767695540783,12.867247867948986,0.19905623089531824,3.732843718189057,178.33248914320416,1390.5543851351379,1.7804078090138094,12.582651462913933,16.202597709353164,18.568733965210484,16.356332021258854,13.30105858112552,177.48474054407626,180.0,2,1,0,1,0
S068,aplicacion,1.6955455643446105,32.86847909783922,29.30805820642261,10.847548524744825,0.5854201785926642,16.648973526241132,0.1714996834112406,3.132444458722182,194.97956250173166,1520.587886420092,2.153466275510549,11.15458309112701,14.499081796152524,16.692911671757496,13.827554209444298,17.127119041593748,200.86934217414236,190.0,1,1,0,1,0
S069,aplicacion,2.3985508044921158,26.77209575849227,23.593369099066784,12.070179626022519,0.5986165308892356,10.055689536803516,0.20417514113944946,3.850481534920476,183.58710921717,1502.8434649792569,1.7250832818699626,12.089205976475126,15.603904916337079,17.95392747431662,17.19969893122009,14.40188136831176,183.50026252441182,150.0,2,1,0,1,0
S070,aplicacion,1.612675252381751,30.156875946497514,27.623440519847556,8.435622390045824,0.5620610698085965,11.760883263399958,0.17913563896310325,2.328117494240928,148.46065597401451,1359.002968293675,1.4286994220384834,13.709943550680979,17.0963956413087,19.320694263445365,17.18076188254901,10.105850246253956,151.7896749838035,130.0,1,1,0,1,0
S071,aplicacion,2.124243602517872,29.50912890737306,25.985579529284404,11.97998680687754,0.6268669900063054,12.241270111789985,0.20750366638280998,2.3976643405803784,165.18830630522964,1259.9767180774625,1.5756289616540156,12.987179878672197,16.4062357072421,18.665886771255092,16.28130927102058,12.476915155955208,176.31771307476956,160.0,2,1,0,1,0
S072,aplicacion,1.8735598035814625,30.28069953650486,27.252873427163127,9.992953598740868,0.5866060605556328,11.763233972037831,0.18574952975121797,8.43045040752079,172.55230265285758,1562.9065704706322,2.1514681940362532,12.985067359269149,16.741507586151965,19.24576499578634,16.829741513906384,15.286926531995997,185.40519047688076,160.0,2,1,0,1,0
S073,aplicacion,2.745803706205963,23.993338831312272,21.088541189725976,12.14073036856937,0.5737845860440511,6.685284592309611,0.194654341471048,2.185380184551992,127.28979271939315,1545.7465369818576,1.9156423259095843,11.896449667121615,15.100905348439923,17.225658000546616,16.138414884503018,11.981398084529749,134.86169871558346,140.0,2,1,0,1,0
S074,aplicacion,1.9604665876751155,29.106774207247202,25.92648563906301,10.936471871114236,0.6096193354502255,10.557406138659397,0.20716504265350202,2.7900715883821805,166.9977698009257,1373.6677391504172,1.6330898814784074,14.05760427668511,17.899894617849224,20.39753276039023,18.873782404209745,13.707251361593908,186.69566341808496,190.0,1,0,0,1,0
S075,aplicacion,2.295691073939369,28.432661611856293,24.962037506499126,12.495894745481806,0.5760288758773975,12.28070260027406,0.18266647762071347,7.4467267023534305,104.63788379381526,1435.2900249776544,1.916942636131173,12.01807333698824,15.196688462389954,17.266976211668556,14.8235091956336,9.492093566781985,112.83382059452056,120.0,2,1,0,1,0
S076,aplicacion,1.7254011030791858,32.33534431395359,28.895334509352114,10.760225553118797,0.5988808322216628,14.454311960429441,0.1811668295963079,2.5090215812985055,220.44279827523914,1385.4868050327143,1.6272993720999354,12.043037580328932,15.606950494443966,17.89959085195512,16.198584958628075,16.555988817935685,242.92043293226888,230.0,1,1,0,1,0
S077,aplicacion,2.2201068808418327,28.09940405172849,24.69032997101091,12.163269536822678,0.6060690906633246,10.362859132372368,0.19996673736267753,2.226145883536414,196.955649746103,1281.7697073322188,1.2076516008126499,14.225233242620675,17.85718140614912,20.240465279348893,18.148052897863234,13.565286210293005,208.50584006170251,170.0,2,1,0,1,0
S078,aplicacion,1.7018514957677904,33.31437696153195,29.80768218290446,10.528613347771605,0.6081264012989236,15.241447086771194,0.18055532139868516,2.057694089850122,218.06195488418857,1286.6081255230563,1.3274290230897652,12.961695848005766,16.507000427509638,18.789843166752288,15.716693581902199,14.471034594207799,224.64656652874797,240.0,2,1,0,1,0
S079,aplicacion,1.6049176770664269,32.65487667588958,29.40627812479899,9.962000937949473,0.6090238503312573,14.930071118169483,0.19092354184814156,12.933168007035633,190.67334705457492,1382.8069509219986,1.516081956616541,16.54256436565321,21.21484020904038,24.293619498742668,20.352464839870716,15.470542370794359,215.78003774422353,180.0,1,1,0,1,0
S080,aplicacion,2.38499508793343,27.310893197043107,24.04798341448179,12.007623699171035,0.6056957552690146,10.482161705860886,0.19681049053766736,12.457586785694149,208.33807282059,1478.1300556733072,1.7580465187450922,15.382494193974221,19.5780290099469,22.375143855394988,19.266119971489164,17.12450219134156,203.7668097987253,210.0,2,1,0,1,0
S081,particular,2.0052426420518894,29.43723550175393,26.354560771019017,10.590405078288,0.6065784382480881,11.203266430867014,0.20645712737745772,4.646962516207692,97.2750699351744,1471.2883873954954,1.8803395977819721,12.885447384041722,16.669089966536085,19.0588024607949,17.553220754607963,7.995782784005359,98.18790681893059,80.0,1,1,0,0,1
S082,particular,1.62254257033564,31.523696683135416,28.43490681471662,9.77043005839018,0.5667717219363482,13.144140568327867,0.1747762482085215,9.004305596529917,100.86582011162173,1391.9916208317568,1.6582690985991266,12.449748947972164,15.82044745419276,17.976986704941748,17.356814218662628,7.299618137289142,105.50187094064476,100.0,1,1,0,0,1
S083,particular,2.3796537533730566,26.758937209441132,23.24935556275932,13.124401635999329,0.6163826333862985,8.382062842614205,0.21512535711850486,6.4910053022785545,87.92661271661655,1455.6164903016852,1.6310385809228103,13.510637789333876,17.64553538299198,20.37276825427843,18.24706973396545,6.111804308301517,81.1241535548587,70.0,2,1,0,0,1
S084,particular,1.5574308065814766,32.53368099663974,29.803197352122794,8.593412523728768,0.5748763688652642,13.898568587355026,0.18017777348902822,2.5535810783150827,87.96538579071162,1439.4657021945495,1.5726098681004816,13.328967328221466,16.714649331411007,18.89316895882393,16.724869611743813,6.443806678344098,89.27426354937754,90.0,1,1,0,0,1
S085,particular,1.8520085775608546,31.578385815002786,28.282643216993165,10.648326118367754,0.5481663941108286,16.18692720522454,0.16796417752323362,15.703974350497628,77.1111577629566,1346.8038534396164,1.5847741690817347,14.499908217401236,18.120297117779145,20.552588587126973,16.66667015079138,6.784365046208505,88.05711748967732,90.0,2,1,0,0,1
S086,particular,1.4477342012071426,36.94146004272535,33.1915781998493,10.144167581792825,0.6128301646633096,20.076443658837924,0.18611001255064802,10.584931540564217,83.44631563677046,1414.0579007352328,1.6152172029390717,12.776278889761219,16.58027578452605,19.07943910778717,16.68527758311464,6.314096024297263,85.23747261853863,70.0,2,2,0,0,1
S087,particular,1.132942985515874,39.79806731231525,36.07129252480503,9.377745614660366,0.5813861147818026,22.967663614604692,0.1636426888365791,1.9748682654099063,108.3806768838072,1445.9810813878269,1.7536708929415032,11.132298586961292,14.69915561201584,17.109486484830946,13.876398308312217,7.4373992576189965,106.33724302822809,120.0,2,1,0,0,1
S088,particular,1.3846402045607131,37.10881497988466,33.61600012370652,9.426538403063507,0.5734479960169467,21.974395371955175,0.16264218613008916,7.738304600409551,104.07023093467937,1303.9971780012286,1.5990145089948846,11.149129545540621,14.144913101482748,16.112884964763147,13.538780535164207,7.382004845245328,105.84919399308305,100.0,1,1,0,0,1
S089,particular,1.6572135529004672,31.74564331899466,28.76684599620325,9.425350457406035,0.5848960746404106,13.225325237551676,0.18861403034566965,2.178666842278377,107.91846441576627,1316.4369402665113,1.4612981298081409,13.860604020431687,17.641143566424564,20.06590123579097,17.555350566952463,7.124493708670478,111.49586350308896,120.0,1,1,0,0,1
S090,particular,1.2886820273803132,35.968853711025965,33.03426220247557,8.188934179382686,0.5798919430201401,19.360536051182503,0.16824735059786566,6.654305774564618,83.66818284084161,1313.424600059909,1.4759257364162672,12.981189698940542,16.393162988682487,18.568847932683024,14.748846530306471,6.3439255761570665,95.10632933952584,80.0,0,2,0,0,1
S091,particular,1.1583202927760352,38.61022887744939,35.552421231959116,7.991598849235717,0.5669802764890376,23.556355682645044,0.16046365159186177,2.272644151534524,61.15557893575956,1516.8877976383628,1.8444058596488198,12.308038034665802,15.653378853292615,17.838527661842107,14.306550964302541,5.368345298945283,65.323054185094,70.0,1,1,0,0,1
S092,particular,1.7494194158120795,32.016682741423004,28.905321508816236,9.86851282363044,0.6062153943251508,13.825823570442832,0.19420012393256267,3.4589942634212036,58.07864215255271,1214.4522304374905,1.1834768611753113,13.962883902254337,17.45000608268202,19.734140107660327,18.317873269739025,4.140945849205879,66.97114164256938,50.0,0,1,0,0,1
S093,particular,1.390359268396893,34.21662236598131,31.257321550328346,8.700130050773078,0.5642899386639143,16.60737105830617,0.1691940476708731,7.216701283381728,108.53645306811055,1396.4078976436997,1.8053432165793808,12.809785206945653,16.415075790967666,18.73862493749639,15.141898545394719,7.508673189824535,107.68564048196897,120.0,0,1,0,0,1
S094,particular,1.3755000757936502,40.503233320259646,36.93562427800554,9.239021454962081,0.60908185715302,24.55506715086737,0.17968349047404203,3.4061554795478832,98.48127292898275,1424.1695249564857,1.5554925485863351,13.192527413032414,16.984127726219224,19.501721203647925,16.723357500724557,6.889084818598592,99.70704119315931,100.0,2,1,0,0,1
S095,particular,1.528197025829896,34.08124501811494,30.927441332284268,9.275187996983144,0.6302755170094585,16.099672735135247,0.20031305952478765,1.952109372796911,96.8324863639563,1383.3307105402291,1.765607328389027,13.369671777624227,17.246006894474842,19.75736039431027,17.191136230064576,6.38667806934061,89.81767761627891,90.0,0,0,0,0,1
S096,particular,0.9615642350500189,41.1441540008066,38.219083611310765,7.285804630843271,0.584545042154416,25.232084660432932,0.16926852213339655,2.921866005042955,74.52490760181077,1298.331766141059,1.3849469717590963,10.593795568323436,13.798926688971727,15.94144917132893,16.04947827528093,3.7223075184105476,60.41329013117452,70.0,0,2,0,0,1
S097,particular,1.3125281628425218,34.49899799451653,31.42240973033943,8.95306010261088,0.6029802243748654,16.436400268090445,0.1892972378835378,3.121633253744082,78.46151251642006,1438.187614717875,1.8147967212690455,11.772495257275848,15.365351104968743,17.678360504812346,16.574727133628393,5.199016116530437,75.74380516323808,70.0,1,1,0,0,1
S098,particular,1.803695632516003,30.907705122178037,27.751488642324166,10.356233922097903,0.5884014254563112,13.699397059794899,0.1878480614613826,4.760710485806797,62.98394883125017,1199.3558153581005,1.204225252195381,9.713072015625139,12.438227854185705,14.176301057380932,16.540618589960086,3.627385621467467,61.95619888891084,50.0,2,2,0,0,1
S099,particular,2.4093290812760815,25.83607446690104,23.0093385656042,10.989746517956505,0.5903262069556963,8.77921576357737,0.20113970089082187,2.871944248335899,74.09387175577157,1488.043818153609,1.9376225094984199,13.152872280843367,16.64084065957645,18.936506547974286,15.770641072588933,5.9002555008614035,64.61352335978714,60.0,2,1,0,0,1
S100,particular,1.2149880263292938,36.99607003515392,34.261485532632136,7.419066468654046,0.5707964366914353,20.02288813531118,0.16135893961096942,3.2231116843056546,79.8386524780186,1514.3946729881925,2.0049680033132917,12.541713481174417,16.334533863408666,18.7788841946331,14.358866202515381,6.339712459253036,79.16951634578388,90.0,1,0,0,0,1
S101,particular,1.3193522658522128,34.45235336750287,31.81518946433436,7.673795756685243,0.5633822861841236,16.583128922637712,0.16675362253692694,2.5213984056191032,106.23147438174911,1415.1737538098425,1.855074760875813,11.912727964487306,15.414380386797921,17.663085175919182,15.257910189940752,7.012010668904731,100.54242571763777,100.0,1,2,0,0,1
S102,particular,1.5042018833134683,35.624274140658805,32.262337957148944,9.671676587023686,0.6001754417005092,20.011100421669493,0.1816370874093392,2.4385270506061074,73.35987702588234,1240.3676017484713,1.458985444628443,9.32098055293072,11.866904523583102,13.568095881751848,15.086267952771998,4.687053816325024,75.39951210133543,90.0,1,2,0,0,1
S103,particular,1.720168890469801,32.54589276998785,28.80588761259694,11.481070238004275,0.6200447112322811,14.192800525124625,0.20080286742782735,2.3834722834476003,64.39257923802413,1319.0691074676217,1.443893047489867,13.6750336808087,17.508621167513432,20.040179459724467,17.414233401235258,4.576235240215085,68.08057472709666,60.0,1,2,0,0,1
S104,particular,1.3150748770927572,37.52644587725397,34.1065919094376,9.168612644989674,0.5929532561443114,20.818201911735947,0.18261434689748013,13.5063304306811,59.76082534431951,1480.2931014661804,1.9154189645707738,12.60587270623131,16.373182951101228,18.895915360852015,16.6763833906273,5.782609139130701,73.7682149184428,50.0,0,1,0,0,1
S105,particular,1.6290076937036038,33.49965418275649,30.314266772636508,9.9067696041825,0.560943443698853,17.134203005044196,0.1735637662037129,3.089165368914051,61.73741906775776,1338.6386997383904,1.5932715333798653,13.262668189364987,16.603824034827657,18.843675297819274,14.055833787958893,4.565766257682466,59.912340268055644,60.0,2,1,0,0,1
S106,particular,1.5328108648649046,33.69746029618642,30.4865580207155,9.602001525854577,0.5909135406849468,16.788822332275707,0.17539551968251516,5.816815457702522,78.09221088342716,1211.8354496511693,1.295609975290811,12.43792706697867,15.744362835200521,17.92031401907377,16.123122967914465,4.78954561852661,78.29426243876613,70.0,2,2,0,0,1
S107,particular,1.666899082653277,33.429645010908175,30.133914394133985,10.065966410856907,0.570641285153234,16.53523919840249,0.1633923495446342,3.348162664407385,74.82784526000236,1374.6843228396726,1.6352306748762269,11.01646025100603,13.954986789835932,15.805408788921591,14.471528902182268,5.446864747747731,81.84308359352752,80.0,1,2,0,0,1
S108,particular,1.26229993869743,39.594890095706226,35.65874591455098,9.941630092654137,0.5771016651279022,23.08143097698667,0.1569327010036637,7.862947670580967,78.07159859348488,1470.8933367097816,1.836222641210207,11.618431174930944,15.241610522353033,17.67423245722874,12.621220962129579,5.317643442231248,72.15361568325274,70.0,2,2,0,0,1
S109,particular,2.1778212783742554,27.389258495338915,24.194079657159627,11.669988021742123,0.5765560496484139,9.304550437262744,0.1967114908692808,2.6636308996434472,79.5090310250703,1190.2184290307105,1.1554772872746275,13.232131875629674,16.41599828613077,18.613047609756222,17.169565954284145,5.375914292337567,85.01398958342182,90.0,2,1,0,0,1
S110,particular,2.779579372623637,23.817784799667045,20.894173743901366,12.366186712549629,0.5779974893793762,6.079227987202429,0.19488021499365976,12.845581995234616,80.74929081942112,1360.4235355010967,1.5542108841275128,13.67929690821698,17.157635525860638,19.5183158315864,18.37069774987727,6.3210682189381435,84.86106760366958,80.0,2,1,0,0,1
S111,particular,1.3953935165964917,36.512521782459054,33.37703577936729,8.74291156626713,0.5785102381882423,19.648678519183864,0.16530531201848633,8.570044860688416,82.61510135517157,1354.734912625302,1.6423194762279627,13.001685091760592,16.61560653842825,19.05493886224844,14.088166019384332,5.470132649061992,78.02701120920578,70.0,2,2,0,0,1
S112,particular,1.2463925949049437,35.69690165019249,33.15801822200543,7.22590685406203,0.5670924590434379,19.456781323444318,0.16508448486338098,1.8908523783394315,104.15357748556485,1386.8079710110283,1.663239747339904,11.6460179689566,15.099995875500205,17.343156669221816,14.633468972100076,6.852190740416492,99.30320546826206,100.0,0,1,0,0,1
S113,particular,1.4532200605901262,32.92189665534091,29.735118271206385,9.710055740006636,0.5735040845976576,14.731270333479916,0.1784970883746174,14.207875458367772,81.8472346227395,1460.4051899733163,1.9308990236926846,14.74182715131964,18.78077873608814,21.368203439730625,17.816371732096087,6.868775875051218,83.59990976475696,80.0,1,1,0,0,1
S114,particular,1.5894494911538783,31.63101682041522,28.336098120472677,10.500446323910044,0.5607691413403562,14.05798548476846,0.17640696798268404,2.656413645173631,81.94255763155118,1502.3321612473483,2.0357355357387594,11.455666340684232,14.684398503166026,16.76793385437315,14.962760875611387,6.091090171177191,78.9394457806745,90.0,1,2,0,0,1
S115,particular,1.5459146868518792,35.09653703678118,31.912797532495254,9.189803388232528,0.6071745647590159,18.52925918359767,0.18213149547325366,2.350494619970756,80.99196096092159,1205.8951078338107,1.1417023660448897,14.356257645604021,18.04109133477551,20.53001707554834,16.989096689807205,5.117853730630324,87.47959927654404,90.0,1,1,0,0,1
S116,particular,1.057483139934929,43.60852587234357,40.202062139093165,7.839744002259705,0.5926671292139438,28.044739641114774,0.16829500841437822,2.6484979270106734,102.53454934885686,1266.294059149729,1.4830701545743286,13.395037326889469,17.1993514493465,19.638560673682345,14.683826722499672,7.182980909192996,112.1000171165778,110.0,1,2,0,0,1
S117,particular,1.460121094134694,33.32614535338099,30.37997514567943,8.885034086999312,0.592926450579644,15.689377473338544,0.18404712654241334,2.520626940796748,64.09699250896564,1264.0325184370165,1.2796965064766912,11.205201116649372,14.22335350866597,16.205833790424638,17.15263366948868,4.310840756348398,70.91075442549985,70.0,0,1,0,0,1
S118,particular,2.156585938635309,26.226268814290005,23.399522207567117,10.854932180895249,0.5684686263340808,7.256790316697881,0.19324808876121125,6.2065251357218285,85.30228210426574,1217.1234512131653,1.244733222274634,12.524980055765564,15.501121502586477,17.539543218116957,16.897950618422048,5.943221658984495,93.88945704651748,100.0,2,1,0,0,1
S119,particular,1.2986313855579563,36.42352690010709,33.36140133628637,8.488904984372923,0.5847071306823629,19.88920440494449,0.16847186721435653,2.5524329536606976,59.03032022436473,1261.7872621787576,1.2728782399465715,12.031986768773697,15.110585314364114,17.20872704351624,14.319068503387077,3.9737895468607958,64.74137451955461,50.0,2,2,0,0,1
S120,particular,1.6844513183313445,33.171843787454534,29.992883578812883,9.840925628328101,0.6345386700429237,15.08813208910457,0.21731060422566464,5.538353525109608,60.541222275579024,1293.7601905716483,1.440113469613282,11.582143803167126,14.94079616227649,17.085851116050794,19.23054427278646,3.8427253196607274,60.589319427116685,50.0,2,1,0,0,1
