variable,importancia_media,de_entre_particiones
energia_cinetica_km,0.22527293690815414,0.06824173722284328
cilindrada_l,0.1362203205237404,0.029231617035869656
desnivel_pos_km,0.0968732466563812,0.03092648857719656
acel_pos_media,0.09565437858140355,0.03969686628504484
pct_detenido,0.09281478772481194,0.04500704766302968
km_dia,0.062278931271219064,0.019570689814574296
masa_kg,0.03270297658797118,0.015416561177985028
pct_sobre_60,0.012873605767962653,0.01761070023213414
vel_mov_media,-0.0005912903055249254,0.004314571362737428
detenciones_km,-0.0014783643286062232,0.005035356361141407
vel_media,-0.003194578204558407,0.002209217590443474
