semilla,modelo,MAE,R2,error_max,pct_error_mayor_3pp,cobertura_80,ancho_intervalo
20261004,M0c Promedio por perfil,1.1638761319880229,0.6261042458628963,5.654903344738326,5.555555555555555,76.66666666666667,3.22432328921969
20261004,"M1 Nivel 1 cotización (GBM, declarados)",1.0879089844087206,0.6663878907538554,4.8406955587234535,6.666666666666667,78.88888888888889,3.18875693758623
20261004,M2 Lineal 2 variables (Entrega 2),1.3606530819327343,0.49238301983347577,6.152293832159264,10.0,74.44444444444444,3.9151894620320036
20261004,L11 Lineal 11 variables GPS,0.748653821965036,0.8566122030047851,2.6377311225225633,0.0,84.44444444444444,2.6989078260693575
20261004,R11 Ridge 11 variables GPS,0.7472749928803158,0.8548381009417657,2.609197072183157,0.0,82.22222222222221,2.686908154870929
20261004,"M3 Nivel 2 diagnóstico (GBM, GPS)",0.9497586538018271,0.799822903373402,2.728394482270204,0.0,82.22222222222221,2.9294324485208083
20261004,Ref. Simulación directa semana 1,0.770210910475459,0.8530979694004381,2.5643001493042767,0.0,,
20261005,M0c Promedio por perfil,1.1373429418945675,0.6287473337036287,4.383309836592938,4.444444444444445,78.88888888888889,3.204775725833569
20261005,"M1 Nivel 1 cotización (GBM, declarados)",1.22692203250667,0.5757960059733271,3.818588316304819,4.444444444444445,71.11111111111111,3.3168874032288915
20261005,M2 Lineal 2 variables (Entrega 2),1.2685475047260566,0.5356974427228796,3.9132326822662975,7.777777777777778,77.77777777777779,3.860866643749063
20261005,L11 Lineal 11 variables GPS,0.8309119214884524,0.7961724828202873,2.7089226668167754,0.0,72.22222222222221,2.5202254113227265
20261005,R11 Ridge 11 variables GPS,0.825529967162617,0.7981228883991272,2.7699496531929277,0.0,71.11111111111111,2.4825939874571374
20261005,"M3 Nivel 2 diagnóstico (GBM, GPS)",0.9122909277114797,0.7666883176206469,3.1923000179188037,1.1111111111111112,81.11111111111111,3.1310499399150307
20261005,Ref. Simulación directa semana 1,0.8225687053002487,0.8105145302745179,2.767475479522229,0.0,,
20261006,M0c Promedio por perfil,1.0365401416231768,0.679595123625608,3.7335500934324735,3.3333333333333335,81.11111111111111,3.2311026773487304
20261006,"M1 Nivel 1 cotización (GBM, declarados)",1.12908636861093,0.6230543580132156,3.563299397512429,4.444444444444445,78.88888888888889,3.7445885789524658
20261006,M2 Lineal 2 variables (Entrega 2),1.1916556423738704,0.5289880920830836,5.094295242638918,7.777777777777778,84.44444444444444,4.133356864514098
20261006,L11 Lineal 11 variables GPS,0.7449198289495481,0.833766259872171,2.4663018398440073,0.0,85.55555555555556,2.6044273575010166
20261006,R11 Ridge 11 variables GPS,0.7446717247853772,0.8347987035130628,2.4241684659534,0.0,85.55555555555556,2.5870290747045885
20261006,"M3 Nivel 2 diagnóstico (GBM, GPS)",0.8436723672752587,0.7877024763409181,2.7708617082437677,0.0,86.66666666666667,2.8606942065854923
20261006,Ref. Simulación directa semana 1,0.7782510009010415,0.8087289252499503,3.195850049966305,1.1111111111111112,,
20261007,M0c Promedio por perfil,0.9907761170624061,0.7012009292664088,3.8119208241181113,3.3333333333333335,88.88888888888889,3.497873252961156
20261007,"M1 Nivel 1 cotización (GBM, declarados)",1.1408954754341603,0.6248797098710328,3.7749275721681386,2.2222222222222223,76.66666666666667,3.455609110670836
20261007,M2 Lineal 2 variables (Entrega 2),1.247161718183938,0.5465607143672464,3.8594888815868202,5.555555555555555,82.22222222222221,3.9161819724758895
20261007,L11 Lineal 11 variables GPS,0.8432852410295393,0.7920513255905022,3.1260589088083446,1.1111111111111112,72.22222222222221,2.4418390121835145
20261007,R11 Ridge 11 variables GPS,0.8451215160487116,0.7917718802419313,3.0959861172771657,1.1111111111111112,70.0,2.359155004452276
20261007,"M3 Nivel 2 diagnóstico (GBM, GPS)",0.9468396052221952,0.7441018834086945,3.245460366215296,1.1111111111111112,83.33333333333334,2.8387993100331896
20261007,Ref. Simulación directa semana 1,0.8631457343501937,0.7865270036465433,2.5643001493042767,0.0,,
20261008,M0c Promedio por perfil,1.0062241920452273,0.7201016323640317,3.211037260574331,2.2222222222222223,77.77777777777779,3.2603294311252196
20261008,"M1 Nivel 1 cotización (GBM, declarados)",1.0507005761827581,0.6992262367982405,3.8062286870002016,3.3333333333333335,84.44444444444444,3.744358269062943
20261008,M2 Lineal 2 variables (Entrega 2),1.0730373262344566,0.6707428398604572,3.483317902632825,3.3333333333333335,88.88888888888889,4.174214168677458
20261008,L11 Lineal 11 variables GPS,0.8690054198474516,0.7857781502088391,3.0353452704768955,1.1111111111111112,78.88888888888889,2.497530249964592
20261008,R11 Ridge 11 variables GPS,0.8668474944878911,0.7877303033995487,3.0438689623696327,1.1111111111111112,82.22222222222221,2.5512068573735505
20261008,"M3 Nivel 2 diagnóstico (GBM, GPS)",0.9229768519066508,0.768604375561083,3.238780047869273,1.1111111111111112,86.66666666666667,3.144242155222721
20261008,Ref. Simulación directa semana 1,0.8383166573592115,0.808671000916469,2.767475479522229,0.0,,
20261009,M0c Promedio por perfil,1.2684597801847546,0.6015241296161631,5.50713625126885,6.666666666666667,66.66666666666666,3.039242177423489
20261009,"M1 Nivel 1 cotización (GBM, declarados)",1.2373205076537945,0.6323819181489134,5.409795967695679,6.666666666666667,75.55555555555556,3.407087715371525
20261009,M2 Lineal 2 variables (Entrega 2),1.4734360252528722,0.4821057847651037,6.10588646307318,8.88888888888889,74.44444444444444,3.847190090447932
20261009,L11 Lineal 11 variables GPS,0.8775765171156047,0.8266195407641191,2.397862774241382,0.0,75.55555555555556,2.5762025384606897
20261009,R11 Ridge 11 variables GPS,0.8729801203082234,0.8290194906207862,2.3102155001571134,0.0,76.66666666666667,2.516154303883348
20261009,"M3 Nivel 2 diagnóstico (GBM, GPS)",1.0314670240393025,0.7505838529215095,3.761985414539584,2.2222222222222223,73.33333333333333,2.7844308027960443
20261009,Ref. Simulación directa semana 1,0.8262383469502022,0.8415807536331625,2.5892947408931644,0.0,,
20261010,M0c Promedio por perfil,0.9719800426074667,0.725650883847721,3.2041590020612496,2.2222222222222223,88.88888888888889,3.4640562897711358
20261010,"M1 Nivel 1 cotización (GBM, declarados)",1.0514702630778026,0.6801713242973745,3.264941714392828,1.1111111111111112,85.55555555555556,3.778379987468107
20261010,M2 Lineal 2 variables (Entrega 2),1.1071000615873676,0.6062261451467064,3.677140782769346,5.555555555555555,86.66666666666667,4.237092113720942
20261010,L11 Lineal 11 variables GPS,0.7502278858776272,0.8314590409120961,2.3546899188017285,0.0,78.88888888888889,2.5114792455158157
20261010,R11 Ridge 11 variables GPS,0.7449692406540052,0.8335385621406922,2.3799648127802584,0.0,81.11111111111111,2.641948740413646
20261010,"M3 Nivel 2 diagnóstico (GBM, GPS)",0.8582844490203625,0.7750308070762444,3.0401327310707984,1.1111111111111112,80.0,2.8212720420602238
20261010,Ref. Simulación directa semana 1,0.8525202823352449,0.7729665205271885,3.3377325461231493,2.2222222222222223,,
20261011,M0c Promedio por perfil,1.174519471320583,0.633572134823938,4.382893845165478,5.555555555555555,78.88888888888889,3.2919678050075176
20261011,"M1 Nivel 1 cotización (GBM, declarados)",1.2274915189416071,0.5832017569564771,3.955693560809644,6.666666666666667,73.33333333333333,3.1646598002564157
20261011,M2 Lineal 2 variables (Entrega 2),1.2154090171661596,0.5792494407669931,4.240477332845341,5.555555555555555,81.11111111111111,4.018507628387041
20261011,L11 Lineal 11 variables GPS,0.7539326137915345,0.8458320869558147,2.8568232169311756,0.0,82.22222222222221,2.6533667221914357
20261011,R11 Ridge 11 variables GPS,0.7528721963340361,0.8477486389358638,2.8251997522395964,0.0,83.33333333333334,2.6793914690270038
20261011,"M3 Nivel 2 diagnóstico (GBM, GPS)",0.8758755147809767,0.7852164942839838,3.347896295163366,1.1111111111111112,80.0,2.9010709119099967
20261011,Ref. Simulación directa semana 1,0.7626906750975566,0.8403084263729169,2.6510676516596945,0.0,,
20261012,M0c Promedio por perfil,1.1349013687237153,0.5067719385548486,4.483195108536632,6.666666666666667,83.33333333333334,3.454408429062533
20261012,"M1 Nivel 1 cotización (GBM, declarados)",1.0901073947107565,0.5383777306935456,3.9873235585388596,5.555555555555555,81.11111111111111,3.524959651104473
20261012,M2 Lineal 2 variables (Entrega 2),1.2289651212059374,0.42923950396042887,5.147548017291172,5.555555555555555,85.55555555555556,4.229174636517183
20261012,L11 Lineal 11 variables GPS,0.7303941024850574,0.8012045695847902,2.3041447702100086,0.0,86.66666666666667,2.7611540568755046
20261012,R11 Ridge 11 variables GPS,0.736700985696174,0.8027711453471293,2.322990789772817,0.0,86.66666666666667,2.7694992911342813
20261012,"M3 Nivel 2 diagnóstico (GBM, GPS)",0.8415104332108356,0.739939109614719,2.989457982641216,0.0,86.66666666666667,3.085367209332475
20261012,Ref. Simulación directa semana 1,0.7262974148295326,0.812246924725799,2.166315693988821,0.0,,
20261013,M0c Promedio por perfil,0.9575898558976209,0.7334904859962854,3.274043804990683,1.1111111111111112,88.88888888888889,3.4967574107238035
20261013,"M1 Nivel 1 cotización (GBM, declarados)",0.9590862283276141,0.7345016426970077,2.9742274204885835,0.0,90.0,3.7498008511553986
20261013,M2 Lineal 2 variables (Entrega 2),1.2419461793039974,0.5370691440363689,3.6495144414059553,7.777777777777778,77.77777777777779,3.887706876668382
20261013,L11 Lineal 11 variables GPS,0.5999563157284379,0.882388164548141,2.3970410101274915,0.0,93.33333333333333,2.890537366688428
20261013,R11 Ridge 11 variables GPS,0.6014930030707007,0.8833147202827109,2.311031593470858,0.0,91.11111111111111,2.8159402680406056
20261013,"M3 Nivel 2 diagnóstico (GBM, GPS)",0.7533471776408471,0.8319511429048583,2.2791541984675767,0.0,90.0,3.081223336963063
20261013,Ref. Simulación directa semana 1,0.7033575660146378,0.8562065518331777,2.2403964109909484,0.0,,
