id,fuente,km,seg,vel_media,vel_max,tipo
0,cmap,7.489672081545684,335,80.4860283389984,96.9501615876174,autopista
1,cmap,0.19432505507992148,100,6.995701982877174,38.04948941400161,congestion
2,cmap,2.7373771719661195,329,29.95306327987243,61.38174397250143,urbano_fluido
3,cmap,11.897450306755054,621,68.97072641597134,91.57574462490686,autopista
4,cmap,0.9311860669340875,89,37.665953269243985,52.87964380258856,urbano_fluido
5,cmap,12.166993638719697,639,68.54644303504055,90.85680830458679,autopista
6,cmap,8.658874243957992,404,77.15828534219993,111.71170472976645,autopista
7,cmap,1.6414648719385307,119,49.657760831753876,100.39241113751774,arterial
8,cmap,21.49612727493582,1112,69.59177894763395,96.1225005300646,autopista
9,cmap,0.5108514656757281,71,25.902327837079174,48.96500900459985,urbano_fluido
10,cmap,0.7802974260219344,51,55.07981830743067,77.73490598297782,arterial
11,cmap,1.801935405766031,116,55.92213328239407,85.6707464609454,arterial
12,cmap,0.43323121852071106,80,19.495404833431998,41.626328587052775,urbano_lento
13,cmap,6.143459218203556,349,63.37092603304527,88.53223883348022,autopista
14,cmap,8.19600434027007,379,77.85122856193206,88.4389608504902,autopista
15,cmap,2.1682653740485303,158,49.40351485173866,79.26174787161439,arterial
16,cmap,2.774444581008035,244,40.93442824438084,70.67726319347274,arterial
17,cmap,0.166952113661437,36,16.6952113661437,28.159926835353986,urbano_lento
18,cmap,0.3529280921342421,76,16.71764646951673,41.135622636392064,urbano_lento
19,cmap,2.487545594434803,196,45.68961295900659,68.6864177465736,arterial
20,cmap,0.9264239966936261,88,37.89916350110288,51.12121829179876,urbano_fluido
21,cmap,6.111963264037515,301,73.09989285892044,93.66657366917285,autopista
22,cmap,5.6951274250121475,286,71.68691863651654,91.87641735134481,autopista
23,cmap,0.35562193917490137,65,19.695984323533,35.54925866463882,urbano_lento
24,cmap,10.211731526039348,534,68.84313388341133,106.83996439787194,autopista
25,cmap,21.229904501111815,1033,73.98611442788241,102.28853719697943,autopista
26,cmap,3.268340129488249,202,58.2476458720678,89.33008727350034,arterial
27,cmap,2.1296298761196786,162,47.32510835821508,74.89951569612484,arterial
28,cmap,6.965443096505367,432,58.04535913754473,91.25375502223537,arterial
29,cmap,0.1725925934337461,43,14.44961247352293,30.940356264467447,urbano_lento
30,cmap,6.742582902340759,421,57.65629085136991,85.00533442903054,arterial
31,cmap,2.1541574213554764,149,52.0467564891256,79.12033186633805,arterial
32,cmap,17.319982408116942,798,78.1352589839862,106.11887551187661,autopista
33,cmap,2.4813414667860387,137,65.20313343379371,92.84813274810459,autopista
34,cmap,0.37928446009496464,35,39.012115895482076,57.8008330189564,urbano_fluido
35,cmap,4.440557381520931,196,81.56125802793548,107.49077078405783,autopista
36,cmap,4.789472175355199,241,71.54398270240131,100.98693486393938,autopista
37,cmap,12.060788556631172,559,77.67234133071953,102.92066049414379,autopista
38,cmap,0.12857202212051033,53,8.73319395535542,25.776924350368436,congestion
39,cmap,1.2390296308622608,141,31.634799085844953,66.98415316975685,urbano_fluido
40,cmap,5.615976563827947,305,66.28693649108396,91.17987343040507,autopista
41,cmap,9.906850591501978,512,69.65754322149829,94.42813946190958,autopista
42,cmap,1.6426769400201897,141,41.940687830302714,82.94707329852176,arterial
43,cmap,21.16972675400062,1125,67.74312561280199,96.48723619053827,autopista
44,cmap,0.5055945999549032,81,22.47087110910681,49.38505024606813,urbano_lento
45,cmap,0.9035149935959091,78,41.700692012118886,81.10830277942824,arterial
46,cmap,1.1479390936757219,112,36.89804229671963,76.56226502825893,urbano_fluido
47,cmap,0.1599545956372999,45,12.796367650983992,26.894843417872742,urbano_lento
48,cmap,0.07335433787336458,22,12.003437106550567,25.174976904505613,urbano_lento
49,cmap,10.879307676329779,743,52.71266168881185,78.69129313855265,arterial
50,cmap,0.9328413814933005,79,42.50922751108711,67.02510525800602,arterial
51,cmap,2.394724392780834,189,45.61379795773018,67.79229637268182,arterial
52,cmap,0.580815397405597,146,14.321475552466776,31.457286441007255,urbano_lento
53,cmap,0.6284905023236431,111,20.383475751037075,51.29951635209519,urbano_lento
54,cmap,0.07536189311572496,22,12.331946146209537,19.963049346455847,urbano_lento
55,cmap,1.8143072226731154,123,53.101674809944846,72.39401573289938,arterial
56,cmap,1.7080533963793596,176,34.93745583503235,84.55989045696066,urbano_fluido
57,cmap,9.63058555469871,531,65.29210545558448,109.09831636611706,autopista
58,cmap,2.445566684048754,173,50.89040498598563,73.62844665644795,arterial
59,cmap,0.2663977839777823,45,21.311822718222583,56.001457884144955,urbano_lento
60,cmap,1.5628583037075365,106,53.07820654101068,74.08670098181298,arterial
61,cmap,0.47627906271360154,91,18.841809074384237,33.693963275502604,urbano_lento
62,cmap,1.2803631433382034,143,32.2329182938289,74.6614666026878,urbano_fluido
63,cmap,1.9067034691851077,187,36.70659085062239,54.794211100142974,urbano_fluido
64,cmap,10.613208788900874,444,86.05304423433141,124.7900169417302,autopista
65,cmap,1.68684837571756,104,58.39090531330016,79.16164342860661,arterial
66,cmap,1.2907115247448937,165,28.160978721706773,69.89222826299324,urbano_fluido
67,cmap,2.769463661346286,203,49.11364128495877,78.28548461113755,arterial
68,cmap,0.056904405217545764,26,7.879071491660183,17.32870705564881,congestion
69,cmap,9.33577321010886,362,92.84194352594447,119.41954934991206,autopista
70,cmap,0.4066575452967227,46,31.825373110178298,54.08377676473306,urbano_fluido
71,cmap,2.50808896073875,177,51.011978862483055,70.83257015701659,arterial
72,cmap,0.5017198522356332,52,34.73445130862076,50.08795818943023,urbano_fluido
73,cmap,0.4395801807597866,56,28.25872590598628,49.288914096458576,urbano_fluido
74,cmap,1.521053786283237,105,52.15041552971098,72.73624222916537,arterial
75,cmap,0.14781745311109618,30,17.738094373331542,33.303122578936744,urbano_lento
76,cmap,0.44893793909961643,47,34.38673576082168,60.166820167003124,urbano_fluido
77,cmap,0.27478051818905863,29,34.110685016572795,54.06620006076538,urbano_fluido
78,cmap,0.2779079578115053,33,30.317231761255123,58.08674275040103,urbano_fluido
79,cmap,1.1092834127825988,74,53.96513900023454,71.59688764072543,arterial
80,cmap,1.1812086509614523,123,34.57196051594495,67.6877620701402,urbano_fluido
81,cmap,3.17303155484511,337,33.895886045823126,68.71551488372103,urbano_fluido
82,cmap,1.3210336219265302,117,40.647188366970155,64.83979994233675,arterial
83,cmap,0.12047043491520952,18,24.094086983041905,43.72709652030678,urbano_lento
84,cmap,10.706556242920247,418,92.20957529787772,126.17053454862364,autopista
85,cmap,2.8894605422237603,220,47.28208160002517,83.42879924388177,arterial
86,cmap,1.1358332995415625,96,42.59374873280859,65.66494614255544,arterial
87,cmap,1.605499567671799,113,51.14865879308386,75.61833294639318,arterial
88,cmap,1.6623526286774442,116,51.590253993437926,69.04337119174599,arterial
89,cmap,4.910491345969001,324,54.56101495521113,85.79024889480081,arterial
90,cmap,0.18028007545917732,23,28.21775094143645,51.58797654052881,urbano_fluido
91,cmap,3.1904987639573466,202,56.860374011121024,83.85520261341357,arterial
92,cmap,1.9662927550800273,115,61.55351233293999,80.18364787608257,autopista
93,cmap,1.7876920819859854,122,52.75156963237333,88.69796382071243,arterial
94,cmap,0.15213917453767486,60,9.128350472260491,22.193858779717363,congestion
95,cmap,0.18719469845483833,53,12.71511159315883,24.314744494188403,urbano_lento
96,cmap,0.8139562289542025,82,35.7346637101845,62.73220291183296,urbano_fluido
97,cmap,0.7275881219923307,95,27.571760412340954,47.57108305708155,urbano_fluido
98,cmap,0.46333817947850764,77,21.6625642353588,48.52124265133981,urbano_lento
99,cmap,2.3832416332572857,163,52.63601153206275,73.92816148202496,arterial
100,cmap,0.7425624372955222,74,36.12465911167405,66.77703337484553,urbano_fluido
101,cmap,0.4585469809207933,47,35.12274747478417,54.476294489801404,urbano_fluido
102,cmap,0.41381110383995895,92,16.192608411128827,34.129947152425764,urbano_lento
103,cmap,0.2894345576088919,55,18.94480740712747,38.565496469374615,urbano_lento
104,cmap,2.777985353634922,232,43.106669280541894,64.11870660553967,arterial
105,cmap,0.7865398755240592,157,18.035309247685433,37.92399945409659,urbano_lento
106,cmap,0.1750758402876587,51,12.358294608540616,20.141107255129768,urbano_lento
107,cmap,0.6293887925079673,113,20.051324363085683,36.82607675632301,urbano_lento
108,cmap,0.889209526988718,185,17.30353674140208,36.953244022664215,urbano_lento
109,cmap,0.09482206862316017,30,11.37864823477922,20.720064046165863,congestion
110,cmap,0.05869185892467385,18,11.73837178493477,20.77466727033182,congestion
111,cmap,2.215571184319685,197,40.4875952464511,57.023105242971226,arterial
112,cmap,1.6521207124907014,172,34.57927072654956,68.00819512929615,urbano_fluido
113,cmap,0.24816436642603645,56,15.953423555959487,40.415009577251446,urbano_lento
114,cmap,1.2157844269390066,160,27.355149606127647,61.934357646082944,urbano_fluido
115,cmap,4.775168447485294,434,39.60969219112226,68.10003757631164,urbano_fluido
116,cmap,0.4629991926893695,58,28.737880925547074,51.34010765760645,urbano_fluido
117,cmap,10.633581258746345,430,89.02533146857404,120.79695152415559,autopista
118,cmap,2.863440939836101,196,52.59381318066308,81.42226871241198,arterial
119,cmap,1.1419364202677957,94,43.73373524429856,68.6987527181586,arterial
120,cmap,0.8172643840393373,52,56.579841971954124,81.29210848900543,arterial
121,cmap,10.578045110017014,447,85.19230961087528,127.59679183021564,autopista
122,cmap,1.7479657591479438,123,51.159973438476406,71.61904046688146,arterial
123,cmap,1.3200274689840727,108,44.000915632802425,75.91721152254878,arterial
124,cmap,0.3487406105750336,65,19.31486458569417,46.73048714528959,urbano_lento
125,cmap,41.5934280226689,1554,96.3554317127465,120.90950818975861,autopista
126,cmap,0.5072426948644967,82,22.26919148185595,46.846757977768746,urbano_lento
127,cmap,0.23269179265241724,76,11.022242809851342,19.02785800807457,congestion
128,cmap,0.4116155998738149,109,13.59464366555719,31.244502758802852,urbano_lento
129,cmap,0.47744921674166557,70,24.55453114671423,48.35288316202502,urbano_lento
130,cmap,2.1400562900151185,163,47.26504689603943,69.16227695181827,arterial
131,cmap,0.7331733020977262,69,38.25252010944659,71.03469400564205,urbano_fluido
132,cmap,1.1900544792975039,80,53.552451568387674,76.46228117468456,arterial
133,cmap,1.485429844519603,147,36.37787374333722,75.2756280426894,urbano_fluido
134,cmap,1.5545734694849271,92,60.83113576245367,79.25348524813886,autopista
135,cmap,1.230062777020264,83,53.35212044907169,79.8678869437266,arterial
136,cmap,0.8056659261910263,69,42.034743975183986,70.41646337763882,arterial
137,cmap,0.24547211198447297,35,25.248560089831503,52.15447849845277,urbano_fluido
138,cmap,0.6201400798565282,102,21.88729693611276,43.629746828116836,urbano_lento
139,cmap,0.2748893145719527,31,31.92263007932354,53.76142854292573,urbano_fluido
140,cmap,0.16043573252717916,35,16.501961059938427,30.698436331940893,urbano_lento
141,cmap,1.903604767504232,183,37.447962639427516,71.68238505364654,urbano_fluido
142,cmap,42.89464800682411,1664,92.80092116860986,126.79182105920351,autopista
143,cmap,1.2470799623874425,108,41.569332079581415,77.84938036027215,arterial
144,cmap,9.880637737422864,371,95.87680823375287,120.30307597402745,autopista
145,cmap,2.8142623539252862,205,49.421192556736735,79.38951416234657,arterial
146,cmap,2.6737838552749364,194,49.616607623658616,78.88946641877284,arterial
147,cmap,9.498476064121547,379,90.22299163809386,127.09399152147415,autopista
148,cmap,0.43437329112799655,63,24.821330921599802,45.91072762414745,urbano_lento
149,cmap,1.5192101038305872,102,53.6191801351972,78.7673304083686,arterial
150,cmap,0.13934977209880908,24,20.902465814821362,37.92663376579377,urbano_lento
151,cmap,1.324118382920261,106,44.970058287857924,72.84903906908264,arterial
152,cmap,2.1869743792838037,271,29.0520581749878,51.13989721728645,urbano_fluido
153,cmap,0.1196979400167281,18,23.93958800334562,43.24340515312604,urbano_lento
154,cmap,2.2553178481550358,150,54.12762835572086,74.00754961091839,arterial
155,cmap,0.14946480931355677,53,10.1523266703548,39.69882780722496,congestion
156,cmap,0.4825182427284165,53,32.77482403438301,46.458551784733864,urbano_fluido
157,cmap,0.11730703594799391,30,14.076844313759269,30.042882563454604,urbano_lento
158,cmap,0.45264454040331475,57,28.588076235998823,48.70301189782406,urbano_fluido
159,cmap,3.118841012878807,260,43.183952486014256,75.61821287903098,arterial
160,cmap,1.1835104590054255,118,36.10709874931806,65.54699933488946,urbano_fluido
161,cmap,0.5212248111676595,80,23.455116502544676,61.987763343538134,urbano_lento
162,cmap,1.8009974625054284,148,43.808046385267176,72.9133414203972,arterial
163,cmap,3.1529223964705175,293,38.73897825014971,73.03152758804939,urbano_fluido
164,cmap,1.4188764855024938,123,41.528092258609576,72.37964741391141,arterial
165,cmap,0.3056882476977757,39,28.217376710563908,49.94139291663076,urbano_fluido
166,cmap,2.548121975747763,236,38.869657257169266,74.17171808344237,urbano_fluido
167,cmap,0.10189883743669059,39,9.406046532617593,24.60152846941321,congestion
168,cmap,2.4067532967791556,155,55.898786247773934,74.32115885758839,arterial
169,cmap,0.5185445730482126,61,30.602630540550248,42.4057337988654,urbano_fluido
170,cmap,1.2709992261408674,129,35.46974584579164,62.01027554441703,urbano_fluido
171,cmap,1.6031001584072238,111,51.99243756996401,63.33032158830685,arterial
172,cmap,0.4441897001996672,109,14.670485511181669,31.94918968019581,urbano_lento
173,cmap,0.07170879197672872,38,6.79346450305851,14.993841169227316,congestion
174,cmap,0.308848219993562,88,12.634699908827535,24.643318928842945,urbano_lento
175,cmap,1.7890102796041982,176,36.593392082813146,65.87629168068243,urbano_fluido
176,cmap,1.3822311045918543,121,41.124231210997316,62.718672998787376,arterial
177,cmap,1.2454321007405977,121,37.054178203852494,65.89221799787194,urbano_fluido
178,cmap,8.72013492922264,595,52.760480244036145,72.35349105085011,arterial
179,cmap,0.13527446704648968,33,14.757214586889784,43.44426484304925,urbano_lento
180,cmap,1.596436991266539,118,48.70485736067407,67.36864756776676,arterial
181,cmap,6.5743772309111606,406,58.29497052039452,75.47068888991596,arterial
182,cmap,8.362554024092152,651,46.24453838207641,75.82895908860095,arterial
183,cmap,0.06896908377176882,41,6.055821989716286,23.83940957877896,congestion
184,cmap,14.400709815317745,539,96.18284848820757,120.0888489748312,autopista
185,cmap,1.2336778023201327,116,38.28655248579722,68.23666445644477,urbano_fluido
186,cmap,0.5174668793360336,54,34.49779195573558,49.39991574549166,urbano_fluido
187,cmap,11.092980767675726,492,81.16815195860288,124.57987170594957,autopista
188,cmap,0.5132460284315009,77,23.995918212381863,53.504820833569454,urbano_lento
189,cmap,0.055584330917188264,23,8.700156143559902,13.179256999642355,congestion
190,cmap,0.3377593750490258,58,20.96437500304298,51.18468177866884,urbano_lento
191,cmap,2.408546518805478,172,50.41143876569605,74.60662515843399,arterial
192,cmap,0.21209482322326262,95,8.037277511618372,25.396501519453363,congestion
193,cmap,0.10868554049645963,70,5.589542082675067,18.447224182581426,congestion
194,cmap,0.05116565495261162,21,8.771255134733421,13.140580672271161,congestion
195,cmap,0.07074178119056664,19,13.403705909791572,25.128636332622452,urbano_lento
196,cmap,4.2175167701957985,336,45.18767968066927,84.10510611318944,arterial
197,cmap,3.385017077180702,219,55.64411633721702,84.34160028082357,arterial
198,cmap,0.26492490952157943,75,12.716395657035813,42.984811417517804,urbano_lento
199,cmap,0.2749088682979432,56,17.672712962010635,36.12198904616586,urbano_lento
200,cmap,1.759586334395139,127,49.87803782537402,69.24166463749835,arterial
201,cmap,1.3688071638463337,105,46.9305313318743,66.51104905136103,arterial
202,cmap,0.8727515590930791,108,29.09171863643597,66.00908866697797,urbano_fluido
203,cmap,0.1784575519231906,69,9.310828795992554,16.6638940793462,congestion
204,cmap,5.30897104589247,384,49.7716035552419,91.90803058888366,arterial
205,cmap,2.442703104545157,146,60.231035454538116,81.26756086804947,autopista
206,cmap,0.7617776025367456,77,35.615576222497204,73.21760723970444,urbano_fluido
207,cmap,0.5635649774773464,50,40.57667837836894,79.36065548845886,arterial
208,cmap,0.6079553215834776,57,38.39717820527227,57.30677423101256,urbano_fluido
209,cmap,0.3311855138649531,64,18.629185154903613,37.523339215884405,urbano_lento
210,cmap,1.3612184391392639,169,28.996369117759468,68.85657342070341,urbano_fluido
211,cmap,0.10308476501078555,66,5.622805364224666,33.599486017571444,congestion
212,cmap,0.7099119499541916,52,49.147750381444034,72.24505630356579,arterial
213,cmap,2.2415455825499184,151,53.4408218356272,65.00468417317965,arterial
214,cmap,1.8549090086713336,129,51.7649025675721,79.24342789099376,arterial
215,cmap,1.8463822429815304,140,47.478400533810785,80.31381004534694,arterial
216,cmap,1.5726595296694637,116,48.80667505870749,67.23441518196903,arterial
217,cmap,0.9219324613985925,94,35.30805171313759,67.29464610137364,urbano_fluido
218,cmap,0.5001407966779597,52,34.625132077704905,50.891791923500776,urbano_fluido
219,cmap,3.3885425304038637,258,47.28198879633298,74.06335105526144,arterial
220,cmap,0.06517105794394414,19,12.348200452536783,31.705872339307163,urbano_lento
221,cmap,2.7390125156791982,156,63.20798113105842,85.95705053670959,autopista
222,cmap,3.547762059488833,197,64.83220007187715,86.15306996265278,autopista
223,cmap,1.0691211063992507,74,52.011297068071656,70.50022189147113,arterial
224,cmap,0.9891501765629175,80,44.51175794533128,69.70830392416366,arterial
225,cmap,1.584142033867623,91,62.6693551859719,84.38255184104699,autopista
226,cmap,3.560848145476397,242,52.97129472609516,67.61073866400565,arterial
227,cmap,2.9955188857309114,179,60.245072562185925,76.3225392272226,autopista
228,cmap,4.876821541233416,326,53.85447100748557,77.09392374518545,arterial
229,cmap,1.5682321652854547,143,39.47997059459886,65.37121723722458,urbano_fluido
230,cmap,4.0643520058341815,249,58.76171574700022,72.02963838739552,arterial
231,cmap,1.703924802375759,143,42.896009010858265,57.41909485960286,arterial
232,cmap,0.8584637229775508,108,28.61545743258503,56.99233178849042,urbano_fluido
233,cmap,2.170039420026421,160,48.825886950594466,74.41659343090114,arterial
234,cmap,0.5954311265064527,47,45.60749054091978,66.18067684636574,arterial
235,cmap,2.141535344093244,154,50.06186518659531,73.80626319490406,arterial
236,cmap,1.2775232837931174,118,38.9752866241968,65.40881620945225,urbano_fluido
237,cmap,3.5449278024497617,209,61.06095736277101,79.49895952181863,autopista
238,cmap,1.9771898766703622,146,48.75262709598154,66.86560925233644,arterial
239,cmap,0.11574672352679417,52,8.013234705701135,19.189391233711564,congestion
240,cmap,1.9820495716558704,167,42.72681711353972,78.98118948078796,arterial
241,cmap,2.4283414995132113,205,42.64404584511006,73.45984751505101,arterial
242,cmap,1.0076185190514775,114,31.81953218057297,47.02574410778154,urbano_fluido
243,cmap,0.532148255401303,66,29.026268476434705,46.67426834847955,urbano_fluido
244,cmap,4.500249734650532,331,48.94531433456772,87.5560953110938,arterial
245,cmap,0.12267482401461088,28,15.772477373307114,38.6946641857134,urbano_lento
246,cmap,0.28811667688885473,40,25.930500919996923,58.460857960929175,urbano_fluido
247,cmap,0.25421530800278824,50,18.303502176200755,47.94923075693541,urbano_lento
248,cmap,3.5410806787026314,203,62.797489868618094,81.08327824659786,autopista
249,cmap,0.5548870550478613,67,29.81482683839255,60.64496686097879,urbano_fluido
250,cmap,0.8165956615848867,105,27.99756554005326,45.820921477520216,urbano_fluido
251,cmap,11.138247208832231,500,80.19537990359206,115.42816081358497,autopista
252,cmap,1.6293402720935175,133,44.10244345516288,63.579984228831634,arterial
253,cmap,0.05042176961575799,28,6.482798950597457,12.052118531912278,congestion
254,cmap,8.737380712263908,684,45.9862142750732,79.85746889123098,arterial
255,cmap,0.4018018899755681,117,12.363135076171325,29.487276327740776,urbano_lento
256,cmap,3.683804008207795,344,38.55143729519786,61.37647617759736,urbano_fluido
257,cmap,1.4650000416502789,205,25.726829999712216,50.35803677240371,urbano_fluido
258,cmap,0.09397801227308372,48,7.048350920481279,14.875535413169802,congestion
259,cmap,1.477127545491427,242,21.973798197393126,41.22854314143207,urbano_lento
260,cmap,0.4743468917681919,54,31.623126117879462,53.93972642249284,urbano_fluido
261,cmap,0.7684668402040006,68,40.68353859903532,73.12564608329123,arterial
262,cmap,3.211197679378128,206,56.118017697870194,74.21147341730496,arterial
263,cmap,0.23461187377352297,48,17.59589053301422,40.621925119372186,urbano_lento
264,cmap,0.20418615334986118,51,14.413140236460789,22.715937936190542,urbano_lento
265,cmap,0.10496076358238096,27,13.994768477650796,27.928583306082203,urbano_lento
266,cmap,1.3993049186765147,128,39.35545083777698,68.01753354065556,urbano_fluido
267,cmap,0.27187314809513113,49,19.974353737601472,37.07717823777116,urbano_lento
268,cmap,2.349853586534946,232,36.463245308300884,62.79937818053138,urbano_fluido
269,cmap,0.11545048775119038,24,17.317573162678556,30.06910759030422,urbano_lento
270,cmap,3.2364623841799864,210,55.48221230022834,74.82743099416317,arterial
271,cmap,1.367636158136437,77,63.94143077001524,84.0828360870394,autopista
272,cmap,31.781224877615315,1461,78.31102639248127,113.60998375369886,autopista
273,cmap,1.4773420489946794,156,34.09250882295414,61.94716893328043,urbano_fluido
274,cmap,0.08664186914544882,67,4.6553840137853095,24.4300561232036,congestion
275,cmap,0.9157272924942659,151,21.831908960128192,48.51010491082906,urbano_lento
276,cmap,8.836455065835418,376,84.60435701331782,98.27403947120264,autopista
277,cmap,6.721837523756016,376,64.3580188444725,86.03356617099384,autopista
278,cmap,29.92488410515336,1447,74.45029908676717,97.62395575965246,autopista
279,cmap,7.893990493673724,451,63.011897510477624,124.29428051083633,autopista
280,cmap,0.41857514402299684,86,17.521750214916146,37.69912171701181,urbano_lento
281,cmap,270.19066052734007,8727,111.45713050285599,124.43701706204442,autopista
282,cmap,0.13241294195317677,42,11.349680738843722,20.524763382704066,congestion
283,cmap,116.35286612822898,4194,99.87370483109784,126.63034761940865,autopista
284,cmap,20.54107094774104,1025,72.14424918231,98.35953441265416,autopista
285,cmap,0.4710071662982529,71,23.882053502446627,37.63541789312279,urbano_lento
286,cmap,0.16231917429247442,22,26.56131942967763,39.86227715564794,urbano_fluido
287,cmap,0.25701704514505574,35,26.436038929205733,33.72952699035786,urbano_fluido
288,cmap,0.13698600077262174,21,23.483314418163726,36.03078375565997,urbano_lento
289,cmap,0.3487169396825893,40,31.384524571433037,43.612048927188404,urbano_fluido
290,cmap,0.5188041955588449,61,30.61795252478429,36.477309349968536,urbano_fluido
291,cmap,0.4262384040839155,50,30.68916509404192,38.04541867298304,urbano_fluido
292,cmap,0.2709177896539851,34,28.68541302218666,41.345867454516984,urbano_fluido
293,cmap,0.2924430944786336,34,30.964562944796498,42.30371292166357,urbano_fluido
294,cmap,0.053207753312115955,13,14.734454763355188,26.941183400736,urbano_lento
295,cmap,0.16166554720771859,44,13.227181135176975,38.09307668572961,urbano_lento
296,cmap,0.23055174541013146,30,27.666209449215774,39.67703514968118,urbano_fluido
297,cmap,0.13274812001492092,19,25.152275371248173,41.07730694884059,urbano_fluido
298,cmap,1.2315999025532096,107,41.43700606721079,51.033925151438176,arterial
299,cmap,0.14672192264306472,20,26.409946075751648,44.17147195185162,urbano_fluido
300,cmap,0.6907530648363907,59,42.14764463408485,51.90589199648793,arterial
301,cmap,0.2313071472089722,25,33.308229198092,52.88718537927981,urbano_fluido
302,cmap,24.247672905926738,1329,65.68218394381961,103.67037481308836,autopista
303,cmap,0.3410344313934775,69,17.793100768355348,31.799870838963532,urbano_lento
304,cmap,2.6703719478306285,222,43.30332888373992,59.37832791081101,arterial
305,cmap,25.996078374238902,1443,64.8550811831324,97.36866492933761,autopista
306,cmap,0.07535218039261472,15,18.084523294227534,31.211979945462833,urbano_lento
307,cmap,0.3647546366672505,78,16.83482938464233,32.89831125304585,urbano_lento
308,cmap,0.532544047514934,60,31.95264285089604,41.19357848814362,urbano_fluido
309,cmap,0.08375730130642604,15,20.10175231354225,37.014273371423464,urbano_lento
310,cmap,3.6635931952244,267,49.39676218280089,66.95182366164485,arterial
311,cmap,1.3635084695082913,216,22.725141158471523,36.997549084507966,urbano_lento
312,cmap,0.4891573634070213,54,32.61049089380142,39.97124203726114,urbano_fluido
313,cmap,0.7107558405755898,71,36.03832431087498,44.41498631700134,urbano_fluido
314,cmap,1.9307987972370606,203,34.240766847553786,42.35725713294282,urbano_fluido
315,cmap,0.6840635028334796,70,35.18040871715038,52.06289260597667,urbano_fluido
316,cmap,0.3128026788603565,34,33.12028364403775,43.91374275921981,urbano_fluido
317,cmap,0.33088127499810327,37,32.19385378359924,42.783609673436544,urbano_fluido
318,cmap,1.0013855034730879,93,38.76330981186147,47.03667069527839,urbano_fluido
319,cmap,0.24610988778756468,29,30.551572277076996,43.382425222094746,urbano_fluido
320,cmap,0.11276488475030086,17,23.879622653004887,44.35083784021651,urbano_lento
321,cmap,0.3029176542302934,34,32.07363397732518,42.15447362901773,urbano_fluido
322,cmap,0.20303340161529485,24,30.455010242294225,48.0906640647519,urbano_fluido
323,cmap,0.1799557027598576,36,17.99557027598576,44.56168847850931,urbano_lento
324,cmap,5.681364485330198,257,79.583315747816,97.10738578149777,autopista
325,cmap,4.5221261292971064,306,53.2014838740836,85.14782831771758,arterial
326,cmap,23.101227720897473,1168,71.20241420824564,95.98563282190165,autopista
327,cmap,0.9287427122067916,263,12.712827999788782,54.782356814826855,urbano_lento
328,cmap,0.7539852586106536,115,23.603016791290027,46.60332090667546,urbano_lento
329,cmap,0.1436769216890669,37,13.979376164341645,29.49422175947935,urbano_lento
330,cmap,13.539421006155429,668,72.96693955413106,83.47286366936859,autopista
331,cmap,3.032011637251121,213,51.245267108469655,73.04864944553637,arterial
332,cmap,0.06554813672806022,40,5.899332305525419,14.062241409564015,congestion
333,cmap,0.30014555983514857,32,33.76637548145421,46.93824205718884,urbano_fluido
334,cmap,0.33799883573383954,59,20.623657773590207,36.57343980475342,urbano_lento
335,cmap,0.2753171120450542,54,18.354474136336947,36.820807219304065,urbano_lento
336,cmap,0.2861635257489184,31,33.23189331277762,46.012561346873085,urbano_fluido
337,cmap,0.05283455386158386,17,11.188493758923642,22.170029823716547,congestion
338,cmap,56.065909868483146,2301,87.71719927272461,101.88524501425417,autopista
339,cmap,0.07989616702465993,21,13.696485775655988,23.86032068418958,urbano_lento
340,cmap,0.12436889366016152,19,23.56463248297797,40.76792526571523,urbano_lento
341,cmap,0.1804990970130232,21,30.94270234508969,55.16094040695153,urbano_fluido
342,cmap,1.1057967889279126,85,46.83374635459394,55.54679556324983,arterial
343,cmap,1.7422345971874855,150,41.813630332499656,51.869372612770945,arterial
344,cmap,0.6223258664840303,56,40.00666284540195,56.1270079849134,arterial
345,cmap,0.05277067080728427,16,11.873400931638962,16.69957834291845,congestion
346,cmap,0.6593620228736621,60,39.561721372419726,48.359949000053646,urbano_fluido
347,cmap,3.160639330139865,253,44.97352406523128,51.201565113189424,arterial
348,cmap,6.488863701353104,409,57.114692725846396,82.27184212971059,arterial
349,cmap,5.949839541645258,347,61.72744193061364,97.35776750428059,autopista
350,cmap,0.31168653622165543,36,31.168653622165543,41.42049078092682,urbano_fluido
351,cmap,1.1082340099825378,127,31.414507369583752,44.94092957633284,urbano_fluido
352,cmap,1.2499287355274136,132,34.08896551438401,42.14457591236006,urbano_fluido
353,cmap,0.336224663608582,42,28.819256880735598,37.09699572859442,urbano_fluido
354,cmap,0.25125241221351746,32,28.265896374020713,36.102948770324616,urbano_fluido
355,cmap,0.05792809576382454,41,5.086369384140691,8.944091393598537,congestion
356,cmap,0.22368034949019516,29,27.76721579878285,37.781983164634795,urbano_fluido
357,cmap,0.06617349244698115,29,8.214640441694211,15.963518655144401,congestion
358,cmap,0.758990070518463,164,16.660757645527237,34.17137740751582,urbano_lento
359,cmap,0.10464108576732291,46,8.189302364399184,20.573738311828837,congestion
360,cmap,1.78494663266451,213,30.168112101372,50.03503156986555,urbano_fluido
361,cmap,0.5537384791640805,114,17.486478289392014,52.96969026112896,urbano_lento
362,cmap,0.5473718169594933,62,31.782879694422192,54.078508281351624,urbano_fluido
363,cmap,0.07798976708710674,56,5.0136278841711475,10.390925357485644,congestion
364,cmap,18.102977744537572,805,80.95741600041647,106.56048536799496,autopista
365,cmap,0.7945580197783007,109,26.242283222035617,41.190944142811155,urbano_fluido
366,cmap,0.2679795038043852,29,33.26642116192368,46.98124684890405,urbano_fluido
367,cmap,0.2524864128329964,28,32.462538792813824,46.98124684890405,urbano_fluido
368,cmap,0.13535431788778743,20,24.363777219801737,39.480956271351936,urbano_lento
369,cmap,0.5138693026962048,50,36.998589794126744,47.699632457179085,urbano_fluido
370,cmap,0.22908472663937055,27,30.54463021858274,42.173673708533876,urbano_fluido
371,cmap,0.257342152327412,29,31.945922357885625,46.41547738856878,urbano_fluido
372,cmap,0.24141151286645435,28,31.038623082829847,44.65233319394454,urbano_fluido
373,cmap,0.8057356147958173,71,40.85420018683018,50.059938227904006,arterial
374,cmap,2.7488580893650436,218,45.39398679685393,56.578500000000005,arterial
375,cmap,4.059169182697347,237,61.65826606628882,87.3584014824538,autopista
376,cmap,0.25900174466707154,31,30.07762196133734,44.24530437677434,urbano_fluido
377,cmap,0.28622189269200204,89,11.577514760575363,24.944022532637685,congestion
378,cmap,0.23224639210922476,76,11.00114488938433,19.621902771351937,congestion
379,cmap,0.5315913852852365,71,26.95392939474439,37.86113347577637,urbano_fluido
380,cmap,3.5723308781955585,223,57.6699155224395,95.06564784216404,arterial
381,cmap,0.2040426933875771,25,29.382147847811105,43.226110848957696,urbano_fluido
382,cmap,0.23341947775245425,27,31.12259703366057,45.379719093462334,urbano_fluido
383,cmap,0.07837579913946703,14,20.153776921577236,37.19372799998212,urbano_lento
384,cmap,0.46532469171773133,46,36.416715003996366,52.991481341354685,urbano_fluido
385,cmap,1.2056769019742064,120,36.17030705922619,42.98241566467538,urbano_fluido
386,cmap,0.3283256295256209,37,31.945196386276628,41.529592439560055,urbano_fluido
387,cmap,0.09272533846999498,16,20.86320115574887,34.58858481805985,urbano_lento
388,cmap,0.2539867194974422,31,29.49523194163845,40.15816200724205,urbano_fluido
389,cmap,0.2722198326017282,31,31.612625721491018,44.237953483528784,urbano_fluido
390,cmap,0.42121216779295967,44,34.46281372851488,44.91687837491458,urbano_fluido
391,cmap,0.19326053578732683,24,28.98908036809902,44.23663631206956,urbano_fluido
392,cmap,0.2389258660729314,29,29.659762684915624,39.94158547604586,urbano_fluido
393,cmap,0.18173554740794254,22,29.738544121299686,50.13282732940373,urbano_fluido
394,cmap,5.8052847421339395,318,65.7202046279314,96.07412362673284,autopista
395,cmap,5.417028549990802,352,55.401428352178655,72.04472582581741,arterial
396,cmap,5.226215711399542,558,33.71752071870672,41.274045628276035,urbano_fluido
397,cmap,1.534121491715326,171,32.297294562427915,44.955060253631196,urbano_fluido
398,cmap,0.09583579657663595,18,19.16715931532719,27.511520142811158,urbano_lento
399,cmap,0.08057800205709943,18,16.115600411419887,23.14204341421674,urbano_lento
400,cmap,0.11266086099366257,20,20.27895497885926,29.93619325708155,urbano_lento
401,cmap,0.7266044941349814,73,35.832550395697716,52.167442621831256,urbano_fluido
402,cmap,0.19004970956775502,41,16.68729157180288,32.815528383413955,urbano_lento
403,cmap,0.06313110301327506,13,17.482459295983862,31.93589897135194,urbano_lento
404,cmap,0.1568380745232809,22,25.664412194718693,38.44487958459414,urbano_fluido
405,cmap,0.12547423369559865,18,25.09484673911973,45.201371914216736,urbano_fluido
406,cmap,0.2529347033379884,40,22.764123300418955,33.74665045718884,urbano_lento
407,cmap,1.3639081260521926,143,34.33614862788737,42.612680963951995,urbano_fluido
408,cmap,0.08550778619394325,39,7.893026417902454,21.517372134614824,congestion
409,cmap,0.1600065746441273,72,8.000328732206365,20.125779074938947,congestion
410,cmap,4.868515816485623,416,42.13138687343327,50.70982539992751,arterial
411,cmap,13.548084719159785,588,82.94745746424358,94.99883327251764,autopista
412,cmap,35.56088170821756,1412,90.66513749970481,103.48704416657124,autopista
413,cmap,0.1349533904970854,34,14.289182523220807,20.10434512150437,urbano_lento
414,cmap,1.0708733421464836,171,22.544701939925968,25.674424872929393,urbano_lento
415,cmap,8.193123025247047,618,47.72693024415756,63.98327839314218,arterial
416,cmap,1.5247333470255748,222,24.725405627441752,46.964704213152004,urbano_lento
417,cmap,0.07982021686868344,35,8.210079449350298,11.91656946555352,congestion
418,cmap,2.182297316205664,298,26.363323283021444,57.682527819715816,urbano_fluido
419,cmap,1.1196527087850958,138,29.20833153352424,58.18113796172199,urbano_fluido
420,cmap,7.891661874649805,878,32.35761133113815,54.25153654230605,urbano_fluido
421,cmap,9.153378829131709,672,49.03595801320558,66.70036348204205,arterial
422,cmap,0.397991915543307,79,18.13634045513804,42.82315826227845,urbano_lento
423,cmap,58.7758226974539,2431,87.03947417146608,100.51191380971699,autopista
424,cmap,50.90138041810428,2080,88.09854303133434,109.969925651784,autopista
425,cmap,0.2935965885375593,56,18.874066405985957,35.638826480938135,urbano_lento
426,cmap,0.09983299278296516,31,11.593508839312083,22.18966790664096,congestion
427,cmap,142.61042986356415,4623,111.05289801186046,118.61223873096661,autopista
428,cmap,131.88486964115393,4413,107.58792900705963,119.83062860928403,autopista
429,cmap,17.885926553214368,913,70.52501160084526,97.81111343698423,autopista
430,cmap,0.7769313510537645,73,38.3144227916925,52.968012814679845,urbano_fluido
431,cmap,0.1335803502581324,29,16.58238830790609,36.23239207298304,urbano_lento
432,cmap,0.09593174753064497,30,11.511809703677397,34.49482729127424,congestion
433,cmap,18.93815049236847,837,81.45441071986438,101.99948092619661,autopista
434,cmap,56.82569838209614,2085,98.11631375325952,116.46561504972176,autopista
435,cmap,6.872392872595137,335,73.85258012341043,91.86695894681395,autopista
436,cmap,1.1209690768917957,59,68.39811316627906,89.71847729787699,autopista
437,cmap,4.5840736571049705,392,42.09863562647422,87.23542476587178,arterial
438,cmap,9.607686813587586,396,87.34260739625078,103.00268727175553,autopista
439,cmap,1.1426238435892038,89,46.21849254967566,97.85222073761079,arterial
440,cmap,0.8343016024167061,106,28.33477140283153,48.66792716993138,urbano_fluido
441,cmap,1.4173589917470937,129,39.554204420849125,59.24948374986475,urbano_fluido
442,cmap,0.6015620131365116,100,21.656232472914418,42.41782852548596,urbano_lento
443,cmap,3.6019120267021614,258,50.25923758189062,73.86924917589086,arterial
444,cmap,0.15720036451181948,33,17.14913067401667,32.15203442271786,urbano_lento
445,cmap,0.2556673155975978,40,23.010058403783802,44.748263571864655,urbano_lento
446,cmap,0.5697535989337439,43,47.70030130608088,71.14749300674738,arterial
447,cmap,4.560584719581067,201,81.68211438055643,101.25767333218775,autopista
448,cmap,17.298579685028933,814,76.50477501978398,103.8267559215368,autopista
449,cmap,1.3268581237738624,121,39.476770624676895,72.15824247107098,urbano_fluido
450,cmap,2.853429678509168,202,50.8532021912525,98.19536808586855,arterial
451,cmap,1.2892733560235745,130,35.70295447449899,70.42137279400396,urbano_fluido
452,cmap,3.134175369153862,216,52.23625615256437,77.06279147989594,arterial
453,cmap,0.19555440247333666,53,13.282940545358718,44.798316563841986,urbano_lento
454,cmap,4.400593318309799,280,56.57905694969741,86.59252675725696,arterial
455,cmap,5.21203597421431,352,53.304913372646354,83.33492158986637,arterial
456,cmap,1.9622302677657084,149,47.4095903621245,63.20866217370186,arterial
457,cmap,0.1400285250831954,64,7.876604535929742,37.61266786741095,congestion
458,cmap,1.2123089968338008,89,49.03721784945711,72.54177960761234,arterial
459,cmap,1.3057824753337508,112,41.971579564299134,74.67906853086957,arterial
460,cmap,3.627536742713979,242,53.96335650318316,88.01590908950737,arterial
461,cmap,1.1508852097944322,96,43.158195367291206,67.45342712603744,arterial
462,cmap,0.18929835070507306,47,14.499448139111978,41.47377623141702,urbano_lento
463,cmap,1.2338535527043486,148,30.01265398470037,64.02686561578518,urbano_fluido
464,cmap,6.148481035710845,357,62.001489435739614,79.57787054233674,autopista
465,cmap,1.1420632657081184,116,35.44334272887264,77.08805660852778,urbano_fluido
466,cmap,1.5611787199947325,127,44.25388497622864,63.111789304067756,arterial
467,cmap,0.16693544090013956,28,21.463128115732232,47.764226960112964,urbano_lento
468,cmap,0.2632695594567441,75,12.636938853923716,53.13912447616059,urbano_lento
469,cmap,0.5151342720703291,53,34.990252442512926,68.11680196904521,urbano_fluido
470,cmap,1.6207842645944344,121,48.22168059950383,74.41611399605814,arterial
471,cmap,7.126033255510903,451,56.88186190651719,91.83355113042442,arterial
472,cmap,10.21370811381066,575,63.94669427777109,99.63743048350503,autopista
473,cmap,0.47905002292993343,93,18.54387185535226,52.42941037594275,urbano_lento
474,cmap,0.30904816668817103,83,13.404498796113442,32.99658017500881,urbano_lento
475,cmap,0.054817117858066304,33,5.980049220879961,10.096358043862761,congestion
476,cmap,0.2975773515100846,79,13.560486904257019,30.171966066362415,urbano_lento
477,cmap,0.34629494761737667,59,21.129861210551795,48.05843551465144,urbano_lento
478,cmap,4.763216813016112,231,74.23195033271864,105.32162911248001,autopista
479,cmap,0.28419050617412456,83,12.326335207552392,32.52958371826099,urbano_lento
480,cmap,4.654739371815456,218,76.86725568135616,100.29158631560344,autopista
481,cmap,4.73227422635441,350,48.674820613931075,69.98503046676515,arterial
482,cmap,3.2022643744300905,401,28.748508099621763,49.64430977807178,urbano_fluido
483,cmap,3.2589619618653245,422,27.801571238661534,60.5065441768014,urbano_fluido
484,cmap,4.576692615393329,383,43.01852066688246,83.2210452502742,arterial
485,cmap,2.5502226599778206,170,54.0047151524715,73.63850507801315,arterial
486,cmap,2.4464210168621285,153,57.562847455579494,76.60381434969922,arterial
487,cmap,1.1823225605299799,96,44.337096019874245,61.33564361436145,arterial
488,cmap,5.159964611284118,433,42.900398615757105,62.38195675620353,arterial
489,cmap,0.7562145473185045,91,29.91617989391886,49.763214808789364,urbano_fluido
490,cmap,0.22702919129318194,33,24.76682086834712,41.92628422392242,urbano_lento
491,cmap,6.941518864892258,415,60.21558533400513,92.23265327821966,autopista
492,cmap,6.80355545915554,374,65.48876912556135,90.62570496395243,autopista
493,cmap,7.395317750872782,488,54.55562275234019,75.43309108880794,arterial
494,cmap,6.150604709631503,400,55.355442386683535,78.22178051430379,arterial
495,cmap,1.273333865109739,124,36.96775737415371,50.66092742319544,urbano_fluido
496,cmap,14.663934560959854,989,53.37731488317035,96.60230875053665,arterial
497,cmap,6.27007615823295,340,66.38904167540771,89.62010510575796,autopista
498,cmap,4.414407560102148,267,59.52010193396155,74.67511671248683,arterial
499,cmap,5.209923408747247,281,66.7463497206053,94.99272530428962,autopista
500,cmap,5.905510495924929,336,63.27332674205281,84.91061766498476,autopista
501,cmap,6.004956291237876,299,72.30047708513831,88.17289206509204,autopista
502,cmap,4.485424639403335,216,74.75707732338891,86.60438022840596,autopista
503,cmap,0.9326054058634207,74,45.36999271767992,72.69876158926614,arterial
504,cmap,0.8851122145993364,61,52.23613069766575,74.19243346606841,arterial
505,cmap,3.454437140623024,171,72.72499243416893,88.42997931840485,autopista
506,cmap,1.271290335210686,144,31.782258380267148,66.51847406036956,urbano_fluido
507,cmap,4.565242110683805,347,47.36274235867924,86.67921958719978,arterial
508,cmap,1.8930771739970957,132,51.629377472648066,72.63661511356463,arterial
509,cmap,4.39010599037796,223,70.87166621237962,87.40833408616572,autopista
510,cmap,5.269268018186447,331,57.30925941229973,85.07167265216506,arterial
511,cmap,0.7929631706714924,61,46.79782646585856,66.66372230188367,arterial
512,cmap,5.327864682452531,320,59.93847767759097,87.90394887382776,arterial
513,cmap,0.13506145638150896,23,21.14005404232314,42.023635329599195,urbano_lento
514,cmap,8.045150988504178,476,60.84567974498958,92.38652371057064,autopista
515,cmap,0.05629115673347064,21,9.649912582880681,22.096268593114637,congestion
516,cmap,2.3147476026377833,169,49.30823295559775,71.39320472690335,arterial
517,cmap,9.014988359913144,569,57.03683320858931,78.06515806895098,arterial
518,cmap,3.8433756724150885,269,51.4355108575997,69.27124106577439,arterial
519,cmap,4.306580890482867,198,78.30147073605214,101.36520038467216,autopista
520,cmap,0.4982755290290371,120,14.948265870871113,46.88124328006099,urbano_lento
521,cmap,0.5645021055699465,95,21.39165873738745,42.99738392055237,urbano_lento
522,cmap,0.0694237453227064,31,8.062112360056227,20.477465315675595,congestion
523,cmap,4.015788066631031,316,45.7494843033915,87.53190804672145,arterial
524,cmap,0.1379137984892898,40,12.412241864036082,25.048887410047563,urbano_lento
525,cmap,0.07782521355710838,15,18.678051253706013,32.201105451405574,urbano_lento
526,cmap,2.9459835803482113,276,38.42587278715059,58.091091519918756,urbano_fluido
527,cmap,3.528079039276213,375,33.869558777051644,52.26940082972932,urbano_fluido
528,cmap,0.5114733616745866,78,23.606462846519378,37.82446352859398,urbano_lento
529,cmap,0.3001256532755616,36,30.01256532755616,44.057160510176566,urbano_fluido
530,cmap,3.3715166576315942,228,53.23447354155148,86.30538270579625,arterial
531,cmap,1.1787440719820346,127,33.41321778846712,79.62444916918905,urbano_fluido
532,cmap,0.22521102837475804,56,14.477851824091589,32.90976650055156,urbano_lento
533,cmap,0.3639385459270875,48,27.29539094453156,47.21664306959678,urbano_fluido
534,cmap,0.5572026896262708,45,44.57621517010166,72.33354571341762,arterial
535,cmap,3.1781884563628537,215,53.216178804215225,74.28643139344206,arterial
536,cmap,0.9233742417837425,103,32.27327447011139,45.23394136666776,urbano_fluido
537,cmap,0.31790932118218096,52,22.00910685107407,47.39533581474996,urbano_lento
538,cmap,0.9671706273202696,65,53.566373205430324,90.67396199030739,arterial
539,cmap,3.235545759227375,208,55.99983044816611,86.13846119527926,arterial
540,cmap,0.2836277585570157,64,15.954061418832135,50.58500987939985,urbano_lento
541,cmap,0.11147020178771044,37,10.845749363128583,24.294627061877147,congestion
542,cmap,1.6287185592500586,114,51.433217660528165,81.60631236301674,arterial
543,cmap,3.1330346298829075,203,55.561205259007224,90.13871001796784,arterial
544,cmap,1.4540554368181604,122,42.906553873322764,77.45027898367458,arterial
545,cmap,1.5259104311024325,132,41.615739030066344,68.87106283928682,arterial
546,cmap,1.619677797502949,129,45.200310627989275,79.03244007382774,arterial
547,cmap,0.29634568360612396,51,20.918518842785222,46.188051820139755,urbano_lento
548,cmap,1.730047492159616,132,47.18311342253498,80.73350766402959,arterial
549,cmap,3.0478932730341066,199,55.13776775338082,76.09610675600779,arterial
550,cmap,1.4006633477108121,118,42.7321021335502,59.71001348293724,arterial
551,cmap,4.826420285591338,370,46.9597649408887,80.93383832974938,arterial
552,cmap,0.3720945108712873,49,27.337555900747642,57.468307039990385,urbano_fluido
553,cmap,1.2466480706344183,138,32.521254016550046,56.85761957146825,urbano_fluido
554,cmap,0.16038047691418336,35,16.49627762545886,36.05517214152226,urbano_lento
555,cmap,3.332600467478279,312,38.45308231705707,64.15630588289895,urbano_fluido
556,cmap,1.0491098135590462,95,39.755740303290175,71.9623423916648,urbano_fluido
557,cmap,1.6073470432660029,95,60.909993218501164,87.69212304001965,autopista
558,cmap,5.617825028010504,356,56.80946657538712,92.78802044008866,arterial
559,cmap,0.8486400342838194,91,33.572572784854394,55.16768968347479,urbano_fluido
560,cmap,0.1769658324391353,39,16.335307609766335,32.682974620013,urbano_lento
561,cmap,0.09649952899985949,44,7.895416009079412,14.450207758409364,congestion
562,cmap,0.8492618955794511,71,43.061166536422874,62.03158831811082,arterial
563,cmap,1.5140615081304476,120,45.42184524391343,67.05947174774157,arterial
564,cmap,1.9677710259820773,191,37.08887797662554,71.82858990049967,urbano_fluido
565,cmap,0.4302919191713271,65,23.831552446411965,44.56290138829563,urbano_lento
566,cmap,4.238061498237108,242,63.04554294898176,102.15239165779634,autopista
567,cmap,0.21628835790605672,51,15.267413499251063,46.945306342039565,urbano_lento
568,cmap,2.8593201462079123,186,55.3416802491854,83.9676425824254,arterial
569,cmap,0.6276031550781339,70,32.2767336897326,76.13382463172006,urbano_fluido
570,cmap,4.687776946338707,278,60.70502520438614,87.7658846076182,autopista
571,cmap,0.10013868715665648,42,8.583316041999126,23.07839938518217,congestion
572,cmap,0.8195167589036667,104,28.36788780820385,59.915972516762416,urbano_fluido
573,cmap,1.9054530844274742,147,46.66415716965243,79.34951890941166,arterial
574,cmap,1.8206051974571247,165,39.72229521724636,78.41827889727574,urbano_fluido
575,cmap,2.876471292286541,218,47.50136079005297,96.16704434372343,arterial
576,cmap,2.7769113957412586,247,40.473202529022394,103.01789248084476,arterial
577,cmap,0.07318954231024355,26,10.133936627572185,23.338840391655783,congestion
578,cmap,0.06248232178337818,16,14.058522401260092,23.089206878648064,urbano_lento
579,cmap,1.7162107150068955,146,42.31752447962208,87.80779423639619,arterial
580,cmap,0.32544039010400444,51,22.972262830870903,56.897256274790976,urbano_lento
581,cmap,2.403497155340146,190,45.53994610118171,79.61271470806325,arterial
582,cmap,0.058458311049852524,20,10.522495988973454,16.62354088014217,congestion
583,cmap,0.10198663290620959,34,10.798584660657486,20.956675790541425,congestion
584,cmap,0.8253106600846408,89,33.38335254274952,62.871944281057615,urbano_fluido
585,cmap,1.5453000412769797,106,52.481888194312525,81.03597911740235,arterial
586,cmap,1.3147971796781337,119,39.775376864212454,80.11539597910084,urbano_fluido
587,cmap,1.8157665036234296,139,47.02704613700969,102.21825005694846,arterial
588,cmap,0.4322072008483632,51,30.50874358929623,50.340375030538134,urbano_fluido
589,cmap,1.8279633296001103,135,48.74568878933628,89.72607653575442,arterial
590,cmap,2.413255776206334,133,65.32120898002105,100.50916001613696,autopista
591,cmap,0.2367959942725851,54,15.786399618172341,45.882348521414166,urbano_lento
592,cmap,0.18891490278249354,56,12.14452946458887,34.817270836296956,urbano_lento
593,cmap,4.700620095764334,346,48.90818596749018,84.51881864848478,arterial
594,cmap,0.3637987485878917,44,29.765352157191135,49.67173148382974,urbano_fluido
595,cmap,2.5809556894624444,180,51.619113789248885,86.34705302238555,arterial
596,cmap,2.0913081472801855,178,42.29611983263297,70.78826453479925,arterial
597,cmap,0.14942327990887233,42,12.807709706474771,22.761080859213735,urbano_lento
598,cmap,3.383938820873811,236,51.619405742142874,79.60948205803845,arterial
599,cmap,0.1728958156871211,23,27.0619537597233,54.04833227297814,urbano_fluido
600,cmap,1.2637904469765011,99,45.95601625369095,81.41113260522442,arterial
601,cmap,0.3801304118275533,42,32.582606728075994,48.973150950128066,urbano_fluido
602,cmap,1.81590192275395,124,52.71973324124371,88.63330258327186,arterial
603,cmap,0.8036743456048878,89,32.508175777276364,82.8625347647818,urbano_fluido
604,cmap,1.8309966835992928,113,58.332637707588084,96.55668865460343,arterial
605,cmap,0.06538371415284945,20,11.769068547512902,30.409535688907166,congestion
606,cmap,3.251024619834271,215,54.43576107629477,76.43928795729938,arterial
607,cmap,1.7226087668209118,159,39.00246264500178,77.25461910964302,urbano_fluido
608,cmap,0.6321617980651498,80,28.447280912931742,48.23361855895714,urbano_fluido
609,cmap,2.611105076040987,191,49.21454593585106,86.84159095532955,arterial
610,cmap,1.5909753495724086,99,57.853649075360316,77.28401368735787,arterial
611,cmap,0.2486286756735292,41,21.830810546944026,44.67162898259677,urbano_lento
612,cmap,4.75075835784041,339,50.45053123370347,76.51053605771517,arterial
613,cmap,0.9382402590823529,131,25.783701776308934,61.01568931702084,urbano_fluido
614,cmap,4.519299629753499,343,47.432882411406986,69.33207140707795,arterial
615,cmap,0.6769324242672053,79,30.847553510910625,49.06786837142995,urbano_fluido
616,cmap,0.06609025481902037,50,4.758498346969467,11.024006064725365,congestion
617,cmap,1.8172401002746177,149,43.90647222140016,66.71784621094179,arterial
618,cmap,0.8119987513004172,64,45.67492976064847,61.302234478309856,arterial
619,cmap,1.6168627012800634,106,54.9123181566814,80.50910818471363,arterial
620,cmap,1.8796863119575946,179,37.80374705613039,79.39514133792805,urbano_fluido
621,cmap,0.4377485761242393,88,17.907896295991605,46.34695178900456,urbano_lento
622,cmap,2.6142899944872955,185,50.87267016299602,92.09015998225401,arterial
623,cmap,1.6220273332399302,122,47.8631016365881,73.04493925856795,arterial
624,cmap,0.4429225878392758,59,27.025785020701573,55.497581005861214,urbano_fluido
625,cmap,3.232034273086146,187,62.22098065834292,78.43779596171566,autopista
626,cmap,1.4692883840313489,117,45.208873354810734,84.25047491887024,arterial
627,cmap,0.35553471609384935,46,27.824456042127338,45.658070339160155,urbano_fluido
628,cmap,4.170623052986355,274,54.79650726551415,90.02974452448204,arterial
629,cmap,0.3202195139738975,45,25.617561117911798,52.13927337079634,urbano_fluido
630,cmap,2.4209136561098568,153,56.96267426140839,80.04474714013242,arterial
631,cmap,0.9014220109962259,109,29.771736142994616,51.995101484781735,urbano_fluido
632,cmap,1.422014760038387,110,46.53866487398358,78.84815635432074,arterial
633,cmap,15.000035896265267,801,67.41589166860794,98.15393775417373,autopista
634,cmap,9.619970190483707,460,75.28672322987249,103.7040214028582,autopista
635,cmap,5.362418644205752,383,50.4039350369209,87.24919635474959,arterial
636,cmap,5.4452847687243535,396,49.50258880658503,90.49889697641719,arterial
637,cmap,0.8804073811158472,97,32.67491311357783,50.496520601192366,urbano_fluido
638,cmap,0.9640755675513142,136,25.519647376358318,47.887204167705825,urbano_fluido
639,cmap,0.9643221231493377,154,22.542595086607896,48.95351393098004,urbano_lento
640,cmap,3.468510175861506,261,47.84151966705526,92.78155394622766,arterial
641,cmap,5.295963142408383,356,53.55468346255669,84.32878734260007,arterial
642,cmap,1.5219500514691604,143,38.31482647055229,66.59726510944236,urbano_fluido
643,cmap,0.2778206823069979,48,20.83655117302484,31.443155743270236,urbano_lento
644,cmap,9.935030410966059,496,72.10909169249558,87.94274543263377,autopista
645,cmap,0.5298475791697088,129,14.786444069852339,39.19015956825827,urbano_lento
646,cmap,10.31742715000898,491,75.64712370678681,97.66514761135038,autopista
647,cmap,5.350730192802011,371,51.92083205953434,81.31042774268536,arterial
648,cmap,3.551731887430354,296,43.19673917145025,82.02768797435984,arterial
649,cmap,2.196339112713244,216,36.60565187855407,63.069640454189944,urbano_fluido
650,cmap,9.269237338700437,417,80.0221928520901,96.49190836272177,autopista
651,cmap,9.679147377901426,496,70.25187612992971,104.86121508351624,autopista
652,cmap,5.3193826052926285,347,55.18667832580249,91.6608804216108,arterial
653,cmap,2.9090015886583704,189,55.409554069683246,86.206113712205,arterial
654,cmap,0.21081400641969253,58,13.085007295015398,20.168289199852993,urbano_lento
655,cmap,12.167443961245139,700,62.575426086403574,100.14933159764375,autopista
656,cmap,0.20746925725872806,28,26.674618790407894,39.906940307475224,urbano_fluido
657,cmap,1.2601663227394964,128,35.44217782704833,70.2764827729912,urbano_fluido
658,cmap,2.539629708744731,203,45.037768233896706,70.48256253400962,arterial
659,cmap,1.6937204924360807,237,25.727399885105026,45.852533014626204,urbano_fluido
660,cmap,1.0529909985897152,129,29.385795309480425,47.5447393807018,urbano_fluido
661,cmap,2.0709652640670666,168,44.377827087151424,66.73089683285879,arterial
662,cmap,1.4332626428626505,149,34.629164525540546,53.36352466793314,urbano_fluido
663,cmap,0.09470385804185785,23,14.823212563073403,30.216031296521244,urbano_lento
664,cmap,1.8699390835235004,214,31.456919162077575,50.41653259415098,urbano_fluido
665,cmap,2.3858409633730626,182,47.19245861617047,68.43124671663075,arterial
666,cmap,0.3688712456005262,38,34.9456969516288,53.095151963850164,urbano_fluido
667,cmap,1.3374124573848352,123,39.143779240531764,67.91012422536419,urbano_fluido
668,cmap,0.8834612217724257,117,27.18342220838233,58.09755795874018,urbano_fluido
669,cmap,2.443903763738975,186,47.30136316914145,76.81300755421834,arterial
670,cmap,0.4809698928790025,47,36.84024711413636,66.24905045851699,urbano_fluido
671,cmap,4.245829208286415,447,34.19459765062885,65.28081189384565,urbano_fluido
672,cmap,0.4976036508766067,50,35.827462863115684,44.88189773311538,urbano_fluido
673,cmap,0.055247157804816205,18,11.04943156096324,25.858409927480068,congestion
674,cmap,1.336503665943105,115,41.83837562952329,65.88251806009674,arterial
675,cmap,0.190630428159985,24,28.594564223997747,47.815118600078016,urbano_fluido
676,cmap,0.6430859142000921,55,42.092896202187845,68.22217427036522,arterial
677,cmap,4.157537981933404,374,40.019082179038115,66.76529451892313,arterial
678,cmap,1.7960704857053793,202,32.009176972967154,49.92450861698657,urbano_fluido
679,cmap,1.0187699303475721,72,50.9384965173786,67.14197457880366,arterial
680,cmap,1.358340431653944,109,44.86261976104769,70.59595778869834,arterial
681,cmap,0.08913997381645618,26,12.34245791304778,28.254626739429238,urbano_lento
682,cmap,0.2279082597895154,36,22.79082597895154,36.95823273993776,urbano_lento
683,cmap,1.9466247366894165,207,33.85434324677246,68.25055476679039,urbano_fluido
684,cmap,0.8265080209740976,96,30.994050786528657,56.65417634449013,urbano_fluido
685,cmap,2.0826359045785194,149,50.318719842165564,71.50145334743854,arterial
686,cmap,0.6343242913387233,65,35.13180690491391,53.29610882033138,urbano_fluido
687,cmap,0.53708935896925,54,35.80595726461667,53.8207174213936,urbano_fluido
688,cmap,0.8516700145255345,119,25.764807162117012,50.50083154291845,urbano_fluido
689,cmap,1.1878097920533788,128,33.407150401501276,50.95477667720183,urbano_fluido
690,cmap,0.219217939485995,36,21.9217939485995,50.16854511432403,urbano_lento
691,cmap,0.5206982891783013,49,38.25538451105887,54.81915789393331,urbano_fluido
692,cmap,0.08015463684338016,39,7.398889554773553,22.190146763085735,congestion
693,cmap,10.675886857471767,924,41.59436437976013,103.56464108239604,arterial
694,cmap,1.5946839364104697,127,45.203639142344024,84.83937041591193,arterial
695,cmap,1.5162918712184181,156,34.991350874271184,64.08637705896435,urbano_fluido
696,cmap,0.17625026647777753,53,11.97171621358489,29.83153656473338,congestion
697,cmap,0.46575475162037416,84,19.960917926587463,38.83009309366936,urbano_lento
698,cmap,1.81907183537357,162,40.42381856385711,75.44865670952036,arterial
699,cmap,0.572974000169907,54,38.1982666779938,65.12209206497026,urbano_fluido
700,cmap,0.2304516102479663,44,18.855131747560876,39.24943305962723,urbano_lento
701,cmap,0.40514359014522144,49,29.765651520873416,40.5834425736753,urbano_fluido
702,cmap,0.2550693384145652,34,27.007341714483374,47.71417434890642,urbano_fluido
703,cmap,0.0973801800874543,30,11.685621610494517,24.049513862065613,congestion
704,cmap,0.14068962482140557,23,22.020984754654783,40.705047585693855,urbano_lento
705,cmap,0.08650690993474919,55,5.6622704684563105,27.675892046233727,congestion
706,cmap,0.13060100306305236,23,20.441896131608196,44.79903566525123,urbano_lento
707,cmap,1.0311999631265718,92,40.35130290495281,61.88490340426438,arterial
708,cmap,8.023169901059578,433,66.70533866931751,87.72265897850062,autopista
709,cmap,0.9762064093995723,141,24.924418963393332,58.72824177800279,urbano_lento
710,cmap,0.2971183350875941,85,12.58383536841575,25.62089854886496,urbano_lento
711,cmap,1.4676135272914457,157,33.65228470222423,63.357861436007845,urbano_fluido
712,cmap,0.09021652283494358,25,12.991179288231876,19.120299176441545,urbano_lento
713,cmap,4.044005334728235,245,59.42211920416999,114.356102499936,arterial
714,cmap,0.13361504407023186,23,20.913659071862376,52.91939706007553,urbano_lento
715,cmap,0.7798552508042425,63,44.56315718881385,69.84708629302357,arterial
716,cmap,0.607055175911239,67,32.6178900489621,64.25066493081181,urbano_fluido
717,cmap,0.12955359468330624,34,13.717439437055955,20.286714587478453,urbano_lento
718,cmap,0.8694021915304561,113,27.697768933713643,56.340331705027815,urbano_fluido
719,cmap,0.5049638341327956,66,27.543481861788848,46.887470758818196,urbano_fluido
720,cmap,2.8435485562120624,177,57.834885889058896,81.55183025759743,arterial
721,cmap,1.7465242301050945,108,58.21747433683649,76.45473723949966,arterial
722,cmap,5.715947373443545,413,49.82423860628756,89.51497003059494,arterial
723,cmap,0.08001249081479749,18,16.002498162959498,22.980209324454833,urbano_lento
724,cmap,0.9447379179250063,98,34.70465820949003,63.513767385479355,urbano_fluido
725,cmap,22.336223145001302,1044,77.02145912069415,118.78084381052103,autopista
726,cmap,1.7182241271296819,228,27.12985463888971,75.43740156704294,urbano_fluido
727,cmap,0.3141006403876978,61,18.537086973700198,51.09954565607275,urbano_lento
728,cmap,0.13599019199366263,53,9.237069644852557,19.825943933034203,congestion
729,cmap,0.31270068420301184,82,13.728322721107837,34.732134149947655,urbano_lento
730,cmap,0.9842694150637185,136,26.054190398745487,54.25315299687064,urbano_fluido
731,cmap,0.5030395616866962,67,27.02899137421054,46.06579556293145,urbano_fluido
732,cmap,1.0748881295571437,130,29.766132818505522,56.51635228252865,urbano_fluido
733,cmap,0.1567633216981182,34,16.59846935627134,44.47704681704022,urbano_lento
734,cmap,0.985232739752671,174,20.384125650055264,65.8032493664152,urbano_lento
735,cmap,4.530142343768956,642,25.402667348237134,73.63215725540844,urbano_fluido
736,cmap,0.13231987781531845,49,9.721460410921356,22.957938713952004,congestion
737,cmap,0.37069110931459803,70,19.064114193322183,35.249302617064586,urbano_lento
738,cmap,0.29757052881548995,45,23.805642305239196,33.65480685353783,urbano_lento
739,cmap,0.6126671686037001,114,19.34738427169579,31.518116115237735,urbano_lento
740,cmap,0.07161832338605725,24,10.742748507908587,25.036465232134542,congestion
741,cmap,0.48100532818094677,64,27.056549710178256,38.72436047181504,urbano_fluido
742,cmap,0.4825582142065482,84,20.68106632313778,42.48452466350738,urbano_lento
743,cmap,0.10037682623414662,24,15.056523935121993,22.652354741324775,urbano_lento
744,cmap,2.9378860530132473,454,23.296012755171123,58.22125105967597,urbano_lento
745,cmap,0.8691203931846448,151,20.720751095792856,45.03361214501234,urbano_lento
746,cmap,2.333137345612077,421,19.950818157252915,41.31799124007963,urbano_lento
747,cmap,2.279576137162924,386,21.26029557975784,40.38782798207774,urbano_lento
748,cmap,0.6362062305580685,143,16.016380629433893,34.35159082535517,urbano_lento
749,cmap,0.25784506931731055,90,10.313802772692421,21.78924732775296,congestion
750,cmap,0.07114127366759167,25,10.2443434081332,18.693177130689175,congestion
751,cmap,2.6821195081229887,192,50.28974077730604,88.69856221037814,arterial
752,cmap,1.3241051843135707,116,41.09291951317978,60.742317166811596,arterial
753,cmap,0.240302583453648,54,16.0201722302432,50.719840417967845,urbano_lento
754,cmap,0.4418663755852514,69,23.053897856621813,45.27822587799329,urbano_lento
755,cmap,0.23361670184095287,35,24.02914647506944,38.35615060409299,urbano_lento
756,cmap,0.05733713753195736,21,9.829223576906976,14.264667214286481,congestion
757,cmap,0.12917651502179328,21,22.144545432307417,38.067252163285595,urbano_lento
758,cmap,0.27223454778477385,41,23.90352126890697,41.45483971320215,urbano_lento
759,cmap,0.1270813070127285,24,19.06219605190927,32.185163685640205,urbano_lento
760,cmap,0.2948733849370808,53,20.029135580631905,36.30136432392645,urbano_lento
761,cmap,0.29423712709834016,64,16.550838399281634,39.83365768483537,urbano_lento
762,cmap,0.109637251770689,34,11.608650187484718,23.92717647975748,congestion
763,cmap,0.7137510412354784,89,28.87082863424407,48.25053349552213,urbano_fluido
764,cmap,0.38348327542207516,55,25.100723482172192,47.52241994012706,urbano_fluido
765,cmap,0.13360730595066558,35,13.742465754925602,35.35930734282904,urbano_lento
766,cmap,0.1416984187249984,20,25.505715370499708,40.43420762513172,urbano_fluido
767,cmap,0.6706702477992986,75,32.19217189436634,53.15062181766796,urbano_fluido
768,cmap,1.209028168671132,111,39.21172438933401,66.74682234553724,urbano_fluido
769,cmap,0.2810798196324487,36,28.10798196324487,51.19785317799061,urbano_fluido
770,cmap,21.20357887811542,1131,67.49149775527455,94.78748538619683,autopista
771,cmap,2.416671241832603,246,35.36592061218443,56.9959237413004,urbano_fluido
772,cmap,0.2720688341250797,52,18.835534670197827,39.76211245622584,urbano_lento
773,cmap,1.448909184471967,173,30.150711353173882,55.938713162331226,urbano_fluido
774,cmap,1.2198427207611606,126,34.852649164604586,54.379302659390014,urbano_fluido
775,cmap,0.09080113610951253,29,11.271865172215348,29.89212722707876,congestion
776,cmap,2.153182203936938,144,53.829555098423455,67.400139085469,arterial
777,cmap,0.9587963287406976,71,48.615025119246646,62.57653916621945,arterial
778,cmap,3.8283345464519307,347,39.717591836388905,69.07606162035574,urbano_fluido
779,cmap,0.05961440971719003,25,8.584474999275365,29.549383329130787,congestion
780,cmap,0.646686887611227,53,43.92590180000787,58.716867498685865,arterial
781,cmap,53.490595284460845,2074,92.84770637611332,113.0252800132634,autopista
782,cmap,0.08956703438894374,23,14.019187991312933,28.728705885807624,urbano_lento
783,cmap,0.8183100721301999,72,40.91550360650999,61.66745224127516,arterial
784,cmap,3.203633970449953,212,54.40133157367845,73.11115781056074,arterial
785,cmap,0.6572094589351462,92,25.71689187137528,51.11403348446335,urbano_fluido
786,cmap,0.9368831510516297,130,25.944456490660517,47.66184662578986,urbano_fluido
787,cmap,1.8062989863029382,185,35.14960189562474,72.36000986786415,urbano_fluido
788,cmap,9.441435306197974,648,52.452418367766526,113.37924168906636,arterial
789,cmap,1.9626830090862604,302,23.39622130036602,49.97072953462614,urbano_lento
790,cmap,37.56633001337523,2988,45.2606385703316,114.36843581309205,arterial
791,cmap,0.2779033362184646,66,15.158363793734432,33.57841109864441,urbano_lento
792,cmap,4.635681093158965,540,30.904540621059766,67.67219735709777,urbano_fluido
793,cmap,1.757785986757705,248,25.516248194869913,50.599619059891964,urbano_fluido
794,cmap,0.14755682949697638,66,8.04855433619871,26.64314416088456,congestion
795,cmap,0.06576229746849419,30,7.8914756962193024,13.195821959876413,congestion
796,cmap,3.528846390735164,365,34.80506029218244,66.92715578278033,urbano_fluido
797,cmap,0.3917086453596954,48,29.378148401977153,47.98299761764946,urbano_fluido
798,cmap,3.1960321339895046,287,40.08960168070459,66.20474613906364,arterial
799,cmap,1.594715795168025,110,52.19069875095355,67.4840805358478,arterial
800,cmap,1.4744354231839998,123,43.15420750782439,67.68021826177159,arterial
801,cmap,0.12954699866609717,42,11.104028457094042,34.696210702451445,congestion
802,cmap,0.426367121906756,47,32.657907209879184,56.0415732728392,urbano_fluido
803,cmap,3.428944828623111,348,35.47184305472184,60.703880752638604,urbano_fluido
804,cmap,0.3577669831528249,52,24.768483449041724,37.692122754629374,urbano_lento
805,cmap,0.10516557703305784,23,16.460699013869924,28.718767280064153,urbano_lento
806,cmap,0.06536800080626964,21,11.205942995360509,20.957633320287627,congestion
807,cmap,1.805722098895716,204,31.865684098159697,61.43083814870576,urbano_fluido
808,cmap,0.9731181157089029,150,23.35483477701367,46.23379483567553,urbano_lento
809,cmap,0.6022206810208509,76,28.5262427851982,42.11775385718884,urbano_fluido
810,cmap,0.13947043158872066,31,16.196566249012722,25.41637902303625,urbano_lento
811,cmap,0.7222345903801667,123,21.13857337698049,46.4031112417374,urbano_lento
812,cmap,0.920943424294141,105,31.575203118656262,44.07679489692062,urbano_fluido
813,cmap,0.059353118592385935,18,11.870623718477187,24.866280340847194,congestion
814,cmap,1.8045141243987113,146,44.494868820790145,60.07846330320595,arterial
815,cmap,0.7856410241841185,70,40.40439552946895,56.53359615790276,arterial
816,cmap,0.4254483921923935,45,34.03587137539148,52.429169197075964,urbano_fluido
817,cmap,0.1713577796049087,28,22.03171452063112,44.73485333688096,urbano_lento
818,cmap,0.16590347126495075,58,10.297456837134874,28.958372285832,congestion
819,cmap,0.35786542720920783,43,29.960826464026702,46.606194782584595,urbano_fluido
820,cmap,1.623436270929651,203,28.790002834220413,53.81267859957116,urbano_fluido
821,cmap,0.3686884860904311,69,19.235921013413797,40.773040721242786,urbano_lento
822,cmap,1.5625966684440789,130,43.27190774152834,64.47482179910577,arterial
823,cmap,1.3873939373842294,159,31.41269292190708,51.95738328591318,urbano_fluido
824,cmap,0.6117747119153576,111,19.841342008065652,42.547629104926386,urbano_lento
825,cmap,0.2289308075734763,41,20.10124164059792,36.46133920760602,urbano_lento
826,cmap,1.2967367867698374,136,34.325385532142754,57.85531718401417,urbano_fluido
827,cmap,0.6445813449981584,60,38.674880699889506,54.66309185013939,urbano_fluido
828,cmap,2.616813151569505,279,33.765330987993615,59.86855320175699,urbano_fluido
829,cmap,0.050782311050202825,45,4.062584884016226,14.231318223861953,congestion
830,cmap,1.3281247502766036,134,35.680963440266964,52.579926523566606,urbano_fluido
831,cmap,0.11368838734121851,31,13.202522400915699,33.26264895686642,urbano_lento
832,cmap,2.727331339676033,259,37.908852597813585,51.12349357977101,urbano_fluido
833,cmap,0.7900103731971209,110,25.854884940996683,48.06095047385702,urbano_fluido
834,cmap,0.4729378176485775,66,25.796608235376954,39.966212570270976,urbano_fluido
835,cmap,0.524949212909449,120,15.74847638728347,40.117807031000375,urbano_lento
836,cmap,0.5211191714757221,115,16.313295802718258,40.905236487036554,urbano_lento
837,cmap,1.0725949111176603,103,37.488754174986184,72.78856962429762,urbano_fluido
838,cmap,4.898161056314763,281,62.752241290865285,89.44156799817085,autopista
839,cmap,3.034067362705373,198,55.16486114009769,90.41854893981085,arterial
840,cmap,1.0159905611371478,78,46.89187205248374,65.72098570736794,arterial
841,cmap,0.7053129578439734,64,39.673853878723506,56.13616789202063,urbano_fluido
842,cmap,4.262336839584499,233,65.85584816525406,94.86436251213505,autopista
843,cmap,0.1736905974207337,83,7.533568080899293,16.879911035357146,congestion
844,cmap,0.8402842371232065,189,16.00541404044203,50.85407180999566,urbano_lento
845,cmap,0.35872960174724783,47,27.477160984895576,46.09920303218546,urbano_fluido
846,cmap,0.24790006162140968,50,17.8488044367415,41.571605387740036,urbano_lento
847,cmap,24.219818565901907,1019,85.56560042909408,113.77882522480446,autopista
848,cmap,1.3823873314077713,108,46.07957771359238,72.48693746297204,arterial
849,cmap,2.167872838138858,130,60.03340167153761,91.08827136724042,autopista
850,cmap,0.4411733252039836,52,30.542768667968097,71.01971604123644,urbano_fluido
851,cmap,0.5102113573204674,80,22.959511079421034,49.390694786310455,urbano_lento
852,cmap,21.34117292754578,1095,70.16276030973955,115.67902491936806,autopista
853,cmap,12.0371658499672,952,45.51869439063228,94.98278666024375,arterial
854,cmap,1.2635509212765723,168,27.076091170212262,54.3009912439142,urbano_fluido
855,cmap,0.4714021421109048,57,29.772766870162407,53.538228062065606,urbano_fluido
856,cmap,8.152984604743335,469,62.58154494046057,99.274968745958,autopista
857,cmap,0.4231056884180151,55,27.694190514633718,45.98532759173379,urbano_fluido
858,cmap,1.263722723109336,88,51.69774776356374,74.32319297972954,arterial
859,cmap,6.8416725282529915,378,65.15878598336182,96.14345447267193,autopista
860,cmap,3.474207141539576,242,51.68242028736559,80.46875615904322,arterial
861,cmap,0.8402478377982548,91,33.240573803007884,61.316963249637425,urbano_fluido
862,cmap,2.4485255012044975,218,40.434366074936655,65.44725465687046,arterial
863,cmap,3.1161952922123737,264,42.49357216653237,65.45539636164081,arterial
864,cmap,3.205256360819034,193,59.78716527952603,86.13414985604521,arterial
865,cmap,6.4797283396147085,340,68.60888830180279,87.62506946717863,autopista
866,cmap,0.3279767783085676,36,32.797677830856756,54.09682976703076,urbano_fluido
867,cmap,1.4586410789036632,101,51.99116716884344,69.16095972290546,arterial
868,cmap,0.14958417970193683,23,23.41317595334663,35.72172335488965,urbano_lento
869,cmap,0.32526388505244336,42,27.879761575923716,48.98584353001996,urbano_fluido
870,cmap,1.1924136780145191,117,36.68965163121597,64.01596834281116,urbano_fluido
871,cmap,0.09275314254236437,25,13.35645252610047,23.65115849816671,urbano_lento
872,cmap,0.6392772165276094,53,43.42260338678101,62.58408224169276,arterial
873,cmap,0.12408092242249683,19,23.510069511630977,38.38215487143249,urbano_lento
874,cmap,2.158477874032739,195,39.848822289835184,69.43887990195044,urbano_fluido
875,cmap,0.06192887518519053,26,8.574767333334075,20.690846278868623,congestion
876,cmap,1.3999591482232605,137,36.78724769053823,74.84419276704564,urbano_fluido
877,cmap,7.482794322791568,337,79.93489484287728,99.50511677339566,autopista
878,cmap,1.0068244259766859,64,56.63387396118858,76.76079888538196,arterial
879,cmap,0.3501489805896989,45,28.011918447175912,39.10724561787944,urbano_fluido
880,cmap,0.2909925523731408,51,20.540650755751116,42.36637838344623,urbano_lento
881,cmap,0.06690533024476059,27,8.920710699301411,31.86431509064475,congestion
882,cmap,3.1246836450844913,246,45.727077732943776,80.28638860657915,arterial
883,cmap,0.28805895320490066,53,19.56626851957816,30.72889035722627,urbano_lento
884,cmap,1.149973509521213,70,59.141494775376664,86.90493433524756,arterial
885,cmap,1.1644910144159832,76,55.160100682862364,75.71184965947215,arterial
886,cmap,0.7752118378594766,103,27.09478268246714,45.275132902451446,urbano_fluido
887,cmap,1.0454460733714024,178,21.143853169309264,44.79185092373798,urbano_lento
888,cmap,0.5840167453777034,98,21.453676360813596,47.63358811731802,urbano_lento
889,cmap,10.9132308738294,688,57.10411503747942,99.72532367083377,arterial
890,cmap,0.07984778895579521,38,7.564527374759546,21.540302763646235,congestion
891,cmap,0.3646115343020078,50,26.252030469744565,42.67240176443904,urbano_fluido
892,cmap,1.5656893544468198,147,38.34341276196293,51.04051141686394,urbano_fluido
893,cmap,1.53541846296628,139,39.766233573227396,70.33180600865042,urbano_fluido
894,cmap,48.20750311769941,2018,85.99951002166395,118.08693184825661,autopista
895,cmap,1.1919377161673719,118,36.364201510191,59.861608876442425,urbano_fluido
896,cmap,0.22868548731687974,40,20.581693858519177,49.987253889678755,urbano_lento
897,cmap,28.301196017395892,1500,67.92287044175013,117.96886650113959,autopista
898,cmap,12.347788195594923,544,81.71330423555463,123.90116739559765,autopista
899,cmap,8.644228178795851,527,59.04975606008551,107.68391477930464,arterial
900,cmap,3.0225509636310948,271,40.15196852056067,71.85625144277057,arterial
901,cmap,0.2501997863984356,25,36.028769241374725,62.912995729883484,urbano_fluido
902,cmap,1.5371422429054882,125,44.269696595678056,58.161979209998826,arterial
903,cmap,0.44441163325865213,45,35.55293066069217,51.48436527160566,urbano_fluido
904,cmap,2.8027290458899423,195,51.74269007796816,70.146562576483,arterial
905,cmap,2.065260182600071,126,59.00743378857345,76.60309695580396,arterial
906,cmap,2.745216629565203,208,47.51336474247467,71.5151034812168,arterial
907,cmap,0.16544121796663563,27,22.058829062218084,38.23719502999588,urbano_lento
908,cmap,0.08292183499043022,17,17.559917997973457,32.42792237864763,urbano_lento
909,cmap,0.054012352588994346,14,13.888890665741403,21.20206804561359,urbano_lento
910,cmap,0.19023771366370706,58,11.807858089471473,24.971893194838234,congestion
911,cmap,0.20346692413234357,33,22.19639172352839,43.660520439347756,urbano_lento
912,cmap,0.2837623350284232,85,12.018169483556747,31.80214594379244,urbano_lento
913,cmap,0.19846306792233542,49,14.580960092253216,31.66711507617546,urbano_lento
914,cmap,0.21367164556202115,30,25.64059746744254,48.092682339360806,urbano_fluido
915,cmap,0.19890239420155165,43,16.65229346803688,42.10302471104506,urbano_lento
916,cmap,15.92886241621843,517,110.91664351718829,134.29137560585218,autopista
917,cmap,2.5397082506608366,162,56.43796112579637,72.72175169707684,arterial
918,cmap,2.2600067914731237,147,55.34710509730099,74.07712145499495,arterial
919,cmap,2.9381351333153405,195,54.242494768898595,71.45906401441337,arterial
920,cmap,0.28391579399396877,42,24.335639485197323,52.27685586845315,urbano_lento
921,cmap,2.218721423776872,152,52.54866529997855,82.31531138888683,arterial
922,cmap,0.2927439840524676,37,28.483198448348197,44.621336646082945,urbano_fluido
923,cmap,0.9997282885908458,130,27.68478337636189,51.58246821467985,urbano_fluido
924,cmap,0.14510634989745871,30,17.412761987695045,32.90413855522084,urbano_lento
925,cmap,0.3233605520668706,66,17.637848294556576,41.34816584140366,urbano_lento
926,cmap,0.1391613450355225,26,19.268493927995422,34.165510581139664,urbano_lento
927,cmap,0.5837374212114581,66,31.84022297517044,52.76876018300537,urbano_fluido
928,cmap,0.6526924919502951,84,27.97253536929836,56.82852262229218,urbano_fluido
929,cmap,0.8320215862485798,79,37.91490772778339,70.96380633229916,urbano_fluido
930,cmap,1.4512420663318424,109,47.93093063114342,68.89357329772896,arterial
931,cmap,0.8043517628270029,73,39.666662276400146,58.23837589879458,urbano_fluido
932,cmap,5.661607817251525,327,62.32962734588835,83.48040950502782,autopista
933,cmap,4.070816203568839,248,59.09249327761218,91.522338808843,arterial
934,cmap,1.5846037231394794,78,73.13555645259136,94.9218393637274,autopista
935,cmap,1.5732950840611475,141,40.16923618879525,79.38700000781299,arterial
936,cmap,0.5644724399794044,69,29.450735998925452,47.999282640235656,urbano_fluido
937,cmap,4.786286197924186,267,64.53419592706767,94.74557789350115,autopista
938,cmap,2.2036607031901854,148,53.60255764516667,77.10553731979296,arterial
939,cmap,0.1571421694796845,48,11.785662710976338,30.05234268869606,congestion
940,cmap,2.180010698800139,210,37.37161197943095,81.44466064830121,urbano_fluido
941,cmap,0.22134985327847595,60,13.280991196708557,40.625877412028615,urbano_lento
942,cmap,4.818086763320492,332,52.24431430106558,90.36789848708118,arterial
943,cmap,2.513208922446918,238,38.01492487734834,78.17532129755757,urbano_fluido
944,cmap,0.5623569993523354,80,25.306064970855093,49.359681164757426,urbano_fluido
945,cmap,24.773826384252278,1021,87.35139567415104,123.19061159639773,autopista
946,cmap,9.110958205399626,801,40.94812676584102,98.24518139711742,arterial
947,cmap,1.6797245958801938,199,30.386977613913054,50.4025216992,urbano_fluido
948,cmap,0.262013660912009,58,16.26291688419366,27.698797156058262,urbano_lento
949,cmap,33.23687394752588,1299,92.11142895388234,125.72329327678518,autopista
950,cmap,6.382108989543645,346,66.40344613398013,102.17969298623244,autopista
951,cmap,1.6133713315373215,88,66.00155447198134,83.64038631782803,autopista
952,cmap,2.086575713388218,120,62.597271401646545,81.44801249149256,autopista
953,cmap,1.8249241242206016,161,40.8057568148706,73.8765523585242,arterial
954,cmap,0.09777798025795124,25,14.08002915714498,20.753832002360372,urbano_lento
955,cmap,1.3829765490799473,121,41.146409724692646,72.11896707851194,arterial
956,cmap,6.9979200916362805,424,59.416302664836344,91.9068324417708,arterial
957,cmap,2.616220475129189,155,60.7638303900973,78.60424130274862,autopista
958,cmap,0.5938383765179414,78,27.40792507005883,45.12832832116478,urbano_fluido
959,cmap,0.8538879901609941,124,24.790296488544993,49.528518789691816,urbano_lento
960,cmap,0.10715985566727095,35,11.022156582919298,16.201446686081397,congestion
961,cmap,0.1276823109415428,51,9.012869007638317,17.78863851492837,congestion
962,cmap,2.906418238816268,237,44.14812514657623,70.13339075567404,arterial
963,cmap,3.2053928257657907,172,67.08961728347003,86.07571622659216,autopista
964,cmap,3.2991693159136033,187,63.51341998550252,82.73536974250986,autopista
965,cmap,2.469550141062021,196,45.35908422358815,64.46536336351458,arterial
966,cmap,1.6732218550769626,141,42.720558001965,87.68350358619413,arterial
967,cmap,0.1782106951418422,32,20.048703203457247,45.52216273279699,urbano_lento
968,cmap,6.38872210373051,473,48.624523411056735,81.23582721713944,arterial
969,cmap,7.523226237088083,594,45.59531052780656,71.94114808323125,arterial
970,cmap,5.395809689147519,369,52.64204574778068,80.58203233676007,arterial
971,cmap,0.16489096227427005,104,5.707764078724733,26.935915563988996,congestion
972,cmap,0.8243135433639481,92,32.255747349024055,75.5034995775608,urbano_fluido
973,cmap,0.8132504683732528,76,38.52239060715408,76.55268555068682,urbano_fluido
974,cmap,0.3219972805456198,68,17.046914852415167,29.27760682563383,urbano_lento
975,cmap,0.6767986449983443,149,16.352182026805632,32.03372750743376,urbano_lento
976,cmap,1.4628794309117705,134,39.301238442405776,67.54275204404682,urbano_fluido
977,cmap,1.6427077000878338,134,44.13244567400151,67.88581765388375,arterial
978,cmap,0.9257725072965568,97,34.35856728110932,65.98621662337901,urbano_fluido
979,cmap,0.3815745665687253,67,20.502514024588226,35.39862281255984,urbano_lento
980,cmap,0.18699037072615807,62,10.857505397002727,28.585613370237578,congestion
981,cmap,0.06252230213940248,21,10.718108938183281,16.243837028648063,congestion
982,cmap,0.20787551001624774,54,13.858367334416517,44.83100588490121,urbano_lento
983,cmap,0.8480485468560538,65,46.96884259510452,71.25981130983561,arterial
984,cmap,2.7538013668642525,194,51.10146866346035,74.18932092524874,arterial
985,cmap,4.83591425453382,289,60.239762340213666,83.04526196491346,autopista
986,cmap,2.413439981984061,139,62.506359245630364,86.87008904298025,autopista
987,cmap,4.0508276007371355,245,59.52236474552526,86.97677962685059,arterial
988,cmap,0.08084468419389919,28,10.39431653921561,14.972166303916126,congestion
989,cmap,3.9349229409263815,308,45.99260580303563,75.31047417567802,arterial
990,cmap,12.866878960099617,736,62.93582100048725,85.86604511626776,autopista
991,cmap,2.349194494815686,187,45.22513465955331,75.45835424647619,arterial
992,cmap,3.259998781377073,197,59.57358179166226,79.7655072151606,arterial
993,cmap,5.327146505235271,407,47.119723387830405,85.65865144335545,arterial
994,cmap,3.1337100024755498,243,46.42533337000814,83.83855883892065,arterial
995,cmap,6.300166654534593,432,52.50138878778827,82.96826822848396,arterial
996,cmap,0.20314381661136216,39,18.75173691797189,33.70330331535721,urbano_lento
997,cmap,2.3488077382025723,161,52.51992458092709,76.58214249820654,arterial
998,cmap,2.451569008095483,178,49.582294545751346,71.82224234359765,arterial
999,cmap,0.7878470982968196,135,21.009255954581857,45.476060652658944,urbano_lento
1000,cmap,4.468209611418595,348,46.22285804915788,77.99786198567193,arterial
1001,cmap,0.9332209871646495,124,27.093512530586597,60.79955608574495,urbano_fluido
1002,cmap,4.1541143063160115,313,47.778950487979685,76.07120031362143,arterial
1003,cmap,1.2199660571910917,103,42.63959034842651,72.15501020423098,arterial
1004,cmap,2.3455816228444,179,47.17370861586503,80.01457122284778,arterial
1005,cmap,2.873562943580206,186,55.617347295100764,75.17001545939003,arterial
1006,cmap,1.2686645307891224,86,53.106887335358614,79.10691952987297,arterial
1007,cmap,0.1302093609730497,36,13.020936097304968,24.25319594836301,urbano_lento
1008,cmap,0.07894494500874467,25,11.368072081259234,17.063476532478603,congestion
1009,cmap,1.2047227817060964,126,34.420650905888465,57.842506046646605,urbano_fluido
1010,cmap,0.7189054589430461,140,18.486140372821186,48.173868628699964,urbano_lento
1011,cmap,0.41093835303230175,90,16.437534121292067,26.284993290711935,urbano_lento
1012,cmap,0.3383835975583033,72,16.919179877915163,28.284818918008437,urbano_lento
1013,cmap,0.4988566889129004,81,22.171408396128907,38.61240050992896,urbano_lento
1014,cmap,2.0805737294310394,135,55.481966118161054,69.25148448218415,arterial
1015,cmap,1.91894158414224,124,55.7112072815489,78.39947895990186,arterial
1016,cmap,0.525931807557333,51,37.12459818051763,57.25432796007641,urbano_fluido
1017,cmap,11.678835749823822,523,80.38969158578539,116.61481440665717,autopista
1018,cmap,0.5164867215685469,105,17.708116168064464,37.379648486549954,urbano_lento
1019,cmap,0.06773760079137064,22,11.08433467495156,24.44167211552859,congestion
1020,cmap,0.6466666702831563,125,18.6240001041549,34.409546830477204,urbano_lento
1021,cmap,1.119755040275565,154,26.176091850597622,54.72356369220323,urbano_fluido
1022,cmap,3.9124897064889956,294,47.908037222314235,74.83952381692977,arterial
1023,cmap,0.31613098286384933,54,21.075398857589956,59.171530547648224,urbano_lento
1024,cmap,0.4736932381623857,46,37.07164472575192,64.01752515798394,urbano_fluido
1025,cmap,5.643459419480388,412,49.31178133526553,77.69287646402643,arterial
1026,cmap,0.8843352283993461,68,46.81774738584773,67.88569712801944,arterial
1027,cmap,0.6012352581263505,102,21.220067933871196,44.792568479211376,urbano_lento
1028,cmap,0.3427212590859898,76,16.2341649040732,23.881515028672435,urbano_lento
1029,cmap,0.7628809495969086,163,16.84890440827528,47.85906430039553,urbano_lento
1030,cmap,0.07305358320907501,25,10.519715982106803,21.017145940540992,congestion
1031,cmap,0.6761576578114387,123,19.789980228627474,50.10819417422818,urbano_lento
1032,cmap,0.3359992757027024,75,16.127965233729714,25.646045577557643,urbano_lento
1033,cmap,0.2403062614246757,56,15.448259663014866,23.441339873922857,urbano_lento
1034,cmap,0.3131890257848501,59,19.109838861448477,43.30859597272962,urbano_lento
1035,cmap,0.2881294288731961,60,17.287765732391765,27.606355663086603,urbano_lento
1036,cmap,0.7636912723312655,163,16.8668011067028,36.18150070966421,urbano_lento
1037,udds,1.083374312635,143,27.273758919482518,52.143591564000005,urbano_fluido
1038,udds,3.154857168411,183,62.06276396874098,91.251285264,autopista
1039,udds,0.5925611336919999,56,38.09321573734285,58.742009028,urbano_fluido
1040,udds,0.227144709173,45,18.17157673384,48.442040315999996,urbano_lento
1041,udds,0.721355447235,63,41.22031127057142,58.259197979999996,arterial
1042,udds,0.336715990857,58,20.899613225606895,41.843622888,urbano_lento
1043,udds,0.406500067058,77,19.00519794037403,43.452992988,urbano_lento
1044,udds,0.27122356835300004,48,20.341767626475,42.64830792,urbano_lento
1045,udds,0.21471679555999998,35,22.085156114742855,37.820197584,urbano_lento
1046,udds,0.30506504537100004,38,28.900899035147372,46.027985148,urbano_fluido
1047,udds,2.18874335019,193,40.82630083255959,55.201394772,arterial
1048,udds,0.6038267245,93,23.373937722580646,45.867048156,urbano_lento
1049,udds,0.33497250660000005,50,24.118020475200005,45.545174136,urbano_lento
1050,udds,0.44736018598800004,66,24.401464690254546,43.452992988,urbano_lento
1051,udds,0.10983951003999999,29,13.635249522206896,37.820197584,urbano_lento
1052,udds,0.318565872411,54,21.2377248274,35.4061424304,urbano_lento
1053,udds,0.471008985643,86,19.716655212962788,46.832670216000004,urbano_lento
1054,udds,0.20126067325000002,32,22.641825740625002,36.049890456,urbano_lento
1055,wltc_low_3,0.613999999981,126,17.542857142314283,44.499999996,urbano_lento
1056,wltc_low_3,2.004027777759,254,28.403543306820474,56.499999984,urbano_fluido
1057,wltc_low_3,0.27475000000099997,120,8.242500000029999,33.5000000016,congestion
1058,wltc_low_3,0.061555555554999995,21,10.552380952285713,21.8999999988,congestion
1059,wltc_low_3,0.139166666666,56,8.946428571385715,24.5000000016,congestion
1060,wltc_medium_3b,4.755611111121,421,40.66555819485891,76.60000000800001,arterial
1061,wltc_high_3b,7.161500000075,450,57.2920000006,97.40000001599999,arterial
1062,wltc_extrahigh_3,8.254138888845,322,92.28229813615529,131.299999992,autopista
1063,hwfet,16.506817470511,763,77.88275608629043,96.40126962,autopista
1064,us06,0.42401744,42,36.344352,71.1330048,urbano_fluido
1065,us06,1.6349593920000003,87,67.65349208275863,113.7806208,autopista
1066,us06,10.035466848,366,98.70950998032787,129.23032320000002,autopista
1067,us06,0.43617692799999996,67,23.43637225074627,48.280319999999996,urbano_lento
1068,us06,0.356648512,32,40.1229576,83.04215040000001,arterial
