jornada,conductor,perfil,semana,dia,origen,masa_kg,cilindrada_l,km_dia,horas_dia,detenciones_km,vel_mov_media,vel_media,pct_detenido,acel_pos_media,pct_sobre_60,energia_cinetica_km,desnivel_pos_km,ahorro_conservador,ahorro_base,litros_base,kml_base,e_freno_kwh,e_regen_kwh,e_asist_kwh,pct_energia_frenos,ahorro_optimista,pred_jornada,q
C-4033363_3-2007-08-20,4033363_3,cmap_real,0,0,real_secundario,1300.0,1.55,45.75530456883533,0.7461111111111111,0.3059754520689088,63.59810673660509,61.32505452263857,3.5740878629932986,0.4516082823843222,59.34475055845123,0.1086788162614221,0.0,5.522360232043755,7.544661123498388,2.317218913680196,19.745784180643927,1.0115393307828688,0.8059826839408866,1.2578463125854715,20.569034517500334,9.097802530707703,8.008187849246545,1.0334176776398813
C-4033363_3-2007-08-21,4033363_3,cmap_real,0,0,real_secundario,1300.0,1.55,70.73382755105172,1.17,0.2968876523024768,61.89639746810554,60.45626286414677,2.3266856600189936,0.4949566762262327,59.61538461538461,0.1183395240631332,0.0,6.843676679193932,9.863529066592868,3.651249508481497,19.37249902718068,1.9943507764168051,1.5887315431166,1.927235791112056,25.8321240405911,11.792283082488716,8.971359211908199,1.0334176776398813
C-4033363_3-2007-08-22,4033363_3,cmap_real,0,0,real_secundario,1300.0,1.55,102.7515508804979,1.563611111111111,0.2238409036448458,66.52978114564613,65.71426242135236,1.2257949902291705,0.5420310006147846,64.48747557292592,0.1475556488018155,0.0,7.748672633324112,11.822644518024314,5.636759416318577,18.22883385496803,3.9496989757313576,2.893066590213747,3.041584375465719,30.90333921739685,14.8233976737448,12.315767953796255,1.0334176776398813
C-4033363_3-2007-08-23,4033363_3,cmap_real,0,0,real_secundario,1300.0,1.55,21.675321353955525,0.3352777777777778,0.0922708349897207,65.13452159786303,64.64884579473065,0.7456503728251864,0.4992417484611051,65.2029826014913,0.103308583016458,0.0,5.748770222084202,8.298184938657002,1.0889721793791045,19.90438485427063,0.4924097193569763,0.4116500347393607,0.7096781810350827,21.309340832487678,9.877455202615504,8.001547383431948,1.0334176776398813
C-4105836_2-2007-05-31,4105836_2,cmap_real,0,0,real_secundario,1300.0,1.55,38.909591216064086,0.8872222222222222,0.5397126863499406,46.016599335686834,43.85551921660323,4.69630557294928,0.4539545351080318,35.597996242955546,0.1623740505358658,0.0,11.312433107287656,14.773306546280764,2.1176974838504217,18.3735361225052,1.5954176734141448,1.339597305648033,1.75214292500051,39.22259239607018,16.954144651415454,12.889839806558424,1.0334176776398813
C-4107032_1-2007-05-21,4107032_1,cmap_real,0,0,real_secundario,1300.0,1.55,39.06765746969519,0.7086111111111111,0.5375290293842091,56.46068522316446,55.13271928298811,2.352018816150529,0.5864001866247507,43.59074872598981,0.156357234453471,0.0,9.536658392003178,12.558661147573211,2.16603989021741,18.03644413297203,1.3744859909764957,1.1785754632762293,1.6089608170538496,28.544236346354428,14.414628134836327,12.610370570355858,1.0334176776398813
C-4107032_1-2007-05-22,4107032_1,cmap_real,0,0,real_secundario,1300.0,1.55,52.36971868578878,1.2297222222222222,0.6683251481642523,44.2249559626647,42.586624637189885,3.704540320758979,0.615916936351905,28.122882313078836,0.186636137624217,0.0,13.20126863958532,17.413082703564502,3.036404756455591,17.24727856997569,2.5937211112811283,2.2235819478059757,2.4875847830451483,42.05754831655128,19.90168090968765,16.10260759102194,1.0334176776398813
C-4107032_1-2007-05-23,4107032_1,cmap_real,0,0,real_secundario,1300.0,1.55,128.37496020704657,1.7283333333333333,0.2181110705299604,75.87421716390867,74.27673686039338,2.105432336869174,0.4814655719491447,65.1880424300868,0.1108625800044562,0.0,4.947812102097189,6.696346657775512,7.094685115293692,18.094525425845116,2.6096675098638813,2.184647201781976,2.448921177879892,15.442059796375196,7.822663998457997,9.204656845311707,1.0334176776398813
C-4107032_1-2007-05-24,4107032_1,cmap_real,0,0,real_secundario,1300.0,1.55,59.27196291318408,1.2627777777777778,0.6242411788216644,48.79466418647672,46.93776209579029,3.805543334799824,0.5900020694676175,35.01979762428509,0.1755926461492856,0.0,11.771208923736646,15.12003071941008,3.3555483179783536,17.663868106329094,2.540357487853426,2.1556833956985164,2.437344481684606,36.01576468845427,17.334465661414942,14.662020388650765,1.0334176776398813
C-4107032_1-2007-05-25,4107032_1,cmap_real,0,0,real_secundario,1300.0,1.55,141.48758483673944,2.8694444444444445,0.5018108131672889,51.869175703896346,49.30835483177754,4.937076476282671,0.5590581688608003,42.67182962245886,0.1605366665318894,0.0,11.03647419960945,14.536592438512688,7.65904565458082,18.47326562835106,5.610662473032985,4.738547760185328,4.618568182035313,35.570497042208245,16.66630679181056,13.481112594543408,1.0334176776398813
C-4107032_1-2007-05-26,4107032_1,cmap_real,0,0,real_secundario,1300.0,1.55,36.26708708411689,0.7602777777777778,0.5238909856733716,49.5677727801142,47.70241633278071,3.7632444282060655,0.4949431488259903,36.49981731823164,0.1298133460572112,0.0,8.860732468195602,11.328799887691996,1.928984885095732,18.8011255890774,1.0810855553724763,0.9529650186619294,1.428942626476107,28.50405458248181,12.7058893697144,9.652988812736702,1.0334176776398813
C-4107032_1-2007-05-27,4107032_1,cmap_real,0,0,real_secundario,1300.0,1.55,9.732009081217122,0.3175,1.233044472097763,32.1424153141116,30.651997106195655,4.636920384951881,0.6186358410564277,16.885389326334206,0.2087384001776656,0.0,16.277837083131246,20.37295205755282,0.6139120599079271,15.852448122092117,0.6130192245533452,0.5224553899297968,1.036265863917003,58.19985615738143,22.98152107742631,18.319160937925215,1.0334176776398813
C-4108468_1-2007-06-22,4108468_1,cmap_real,0,0,real_secundario,1300.0,1.55,571.5071278514052,6.707777777777777,0.1032358077874057,86.11358028901135,85.20066507640628,1.0601292032466456,0.4260211756164651,75.12009276130527,0.0491499049565246,0.0,1.3170442804610545,1.8506879749752148,30.839370264183472,18.53173793613898,4.214179668924474,3.49200710156753,3.4742927469438265,5.718461333575557,2.193125472051398,9.702229699720531,1.0334176776398813
C-4108468_1-2007-06-23,4108468_1,cmap_real,0,0,real_secundario,1300.0,1.55,135.34664469101443,2.1838888888888888,0.339868048484056,64.20449609799077,61.97505989413025,3.4723988806919364,0.5841086041104029,57.42813533452048,0.0720832190578071,0.0,3.9969740070291206,5.618571891859474,6.779554413322041,19.963944005678893,2.167427481022123,1.8030679647394416,2.132181260709564,15.465219204945424,6.602857264400335,10.206731728720175,1.0334176776398813
C-4108468_1-2007-06-24,4108468_1,cmap_real,0,0,real_secundario,1300.0,1.55,63.156618758509445,1.5319444444444446,1.0925220722127915,42.67339105304692,41.22644198198259,3.3907524932003628,0.5524533797104348,25.004533091568447,0.1123009784059466,0.0,8.182599864477451,10.453899224584266,3.4452593835046,18.33145540823258,1.7686324707852292,1.559519812341695,1.9282656074975708,29.518183686529976,11.69820390320369,10.609647896382363,1.0334176776398813
C-4108468_1-2007-06-25,4108468_1,cmap_real,0,0,real_secundario,1300.0,1.55,573.1535684324542,6.584722222222222,0.054086725979537,87.57492663116317,87.04293804500465,0.6074667791605146,0.3722550160387504,79.17738873655347,0.0470149841794957,0.0,0.7494484508737451,1.2303082708598687,30.39778895489071,18.8551071685837,3.3755367696947585,2.734845371559976,2.767378394146625,4.678943688186545,1.5478814853257137,9.702229699720531,1.0334176776398813
C-4108468_1-2007-06-26,4108468_1,cmap_real,0,0,real_secundario,1300.0,1.55,15.33438431428176,0.2441666666666666,0.1956387643947292,64.64143270657416,62.80293917111983,2.844141069397042,0.4643295113100686,60.75085324232082,0.1289727387450807,0.0,4.761349582445841,7.147864173146693,0.8259666691703981,18.565379072358493,0.4505663318083631,0.2812218085110556,0.5331650509813337,25.121779751453364,9.12499296441858,8.395417411957673,1.0334176776398813
C-4108468_2-2007-06-21,4108468_2,cmap_real,0,0,real_secundario,1300.0,1.55,109.75018052610238,2.247777777777778,0.4555801162268546,51.92543696858571,48.82608130177565,5.968858131487889,0.5512789535125194,40.44735541275334,0.1525316885526269,0.0,10.520943470770437,14.175158907864024,6.084145714187525,18.03871663858701,4.466633146306142,3.6938801862207584,3.7464388883891,35.48774444516109,16.48483938751312,12.1066534777761,1.0334176776398813
C-4108468_2-2007-06-22,4108468_2,cmap_real,0,0,real_secundario,1300.0,1.55,45.46319785232088,0.8780555555555556,0.2639497564377206,52.2232011066864,51.77713137246288,0.8541600759253402,0.4479506541916382,42.36001265422335,0.1326332788139755,0.0,9.3407662029529,11.876691228586449,2.188743740425973,20.77136624659076,1.3118411084513155,1.142941251881226,1.5871985138536993,30.792057916614567,13.419346077615131,9.520660886343894,1.0334176776398813
C-4108468_2-2007-06-27,4108468_2,cmap_real,0,0,real_secundario,1300.0,1.55,125.8999612692042,2.3672222222222223,0.325655382151645,54.46285274803354,53.18468206631484,2.346866932644919,0.511560175768877,48.49800516310725,0.1351327000407096,0.0,8.979809180508742,12.106923858922038,6.4152634660012735,19.625064806212777,4.022435666060691,3.354501623895192,3.457800274733498,31.38036391380509,14.019308526344972,10.63446270565508,1.0334176776398813
C-4109114_1-2007-05-17,4109114_1,cmap_real,0,0,real_secundario,1300.0,1.55,19.381035076321467,0.4247222222222222,0.7223556401847867,48.4862587037924,45.6322604805476,5.886200130804448,0.6006749948430019,42.249836494440814,0.217991585702314,0.0,15.266001977489797,20.58790914823981,1.114536101522726,17.389329111764333,1.1343394732169498,0.9582076915704382,1.4224565869062331,47.833842406578505,23.765389133545582,17.428626544991836,1.0334176776398813
C-4109114_1-2007-05-18,4109114_1,cmap_real,0,0,real_secundario,1300.0,1.55,25.101662180343304,0.5958333333333333,0.6772459878498571,43.54987173457151,42.12866379917757,3.263403263403263,0.6338573858516872,25.08158508158508,0.2276979424813096,0.0,16.368573170163234,21.964406679016296,1.4727636255294685,17.043917805424538,1.637357771748906,1.35209586356852,1.7614075354290737,54.00178748754955,25.64209171609011,19.59455729628773,1.0334176776398813
C-4109114_1-2007-05-19,4109114_1,cmap_real,0,0,real_secundario,1300.0,1.55,23.47185132754359,0.5222222222222223,0.6816675760562793,48.03789924909432,44.94609828678559,6.436170212765957,0.6331501452027798,40.0531914893617,0.2489350455920714,0.0,14.46094684201894,20.575420932683677,1.4513815899479108,16.172074587487348,1.6359565488762562,1.2583821532589403,1.67058888519659,51.22858688719193,24.88736373803951,18.821576642520228,1.0334176776398813
C-4109114_1-2007-05-21,4109114_1,cmap_real,0,0,real_secundario,1300.0,1.55,30.0145975850602,0.7005555555555556,0.8662451637513052,44.83508352955051,42.8439933807362,4.440919904837431,0.6525836918654688,32.3949246629659,0.2455186710276612,0.0,15.761153912451537,22.10999268445763,1.8368079180657155,16.340629463677192,2.103395838740641,1.694888768723674,2.047490654602052,53.864134563665054,26.352547146482934,19.244800406854992,1.0334176776398813
C-4109114_1-2007-05-22,4109114_1,cmap_real,0,0,real_secundario,1300.0,1.55,32.0643306981677,0.7311111111111112,0.6549333649805462,46.35806847927861,43.85698727712907,5.395136778115502,0.6399689834126036,30.0531914893617,0.2147340474977751,0.0,15.983002461502885,21.148225833522247,1.7986938832452644,17.826452292324554,1.89335223449446,1.580993233324222,1.9657009746540968,50.76069595439267,24.39124218427892,18.05721887553966,1.0334176776398813
C-4109114_1-2007-05-23,4109114_1,cmap_real,0,0,real_secundario,1300.0,1.55,19.46140375181888,0.4294444444444444,0.7193725683169976,47.21095249767383,45.31762840009571,4.010349288486417,0.6558246495865659,41.72056921086676,0.2255637243988082,0.0,15.557795770036778,21.4248102971376,1.1380495324712188,17.100664950460803,1.2174892646946962,1.0175920832761476,1.475292912893617,50.34839592808796,24.87305341241866,18.69523164801753,1.0334176776398813
C-4111928_1-2007-05-19,4111928_1,cmap_real,0,0,real_secundario,1300.0,1.55,29.98242473095473,0.4583333333333333,0.1000586185713896,66.38175217185548,65.41619941299214,1.4545454545454546,0.4591734703498309,58.18181818181818,0.105684919861802,0.0,5.479569483890053,7.450464051479941,1.4770420214523152,20.29896529380676,0.6133995683511274,0.5109051004640872,1.0507941635491918,19.227990949611712,8.834137489262465,8.008187849246545,1.0334176776398813
C-4111928_1-2007-05-21,4111928_1,cmap_real,0,0,real_secundario,1300.0,1.55,44.98919682328447,0.86,0.2889582592697401,54.023051555645125,52.31301956195868,3.165374677002584,0.5929636725833464,40.34237726098191,0.1214466041711362,0.0,8.322174795865912,10.78649696745854,2.2979115095798783,19.57829822241925,1.3386526372254184,1.086885160513982,1.5408777655895385,29.01710522054703,12.535936392105633,9.504712683900165,1.0334176776398813
C-4111928_1-2007-05-22,4111928_1,cmap_real,0,0,real_secundario,1300.0,1.55,15.017308338844035,0.2586111111111111,0.1997694881339119,59.47448847066944,58.06907628339261,2.363050483351236,0.5865200178989485,46.29430719656283,0.1199136218034921,0.0,7.715648505675253,10.434212924654329,0.7857108348182487,19.113021831139505,0.4325830594624161,0.3605501376672531,0.639244658465718,25.880829585651792,12.160028791607166,9.606436643132563,1.0334176776398813
C-4111928_1-2007-05-23,4111928_1,cmap_real,0,0,real_secundario,1300.0,1.55,31.753425119515484,0.5408333333333334,0.2204486594328949,59.25989135834926,58.71203411928902,0.9244992295839756,0.4677188275340676,50.077041602465336,0.1102781812102836,0.0,5.8473089686283,7.816369439337113,1.576688659968032,20.13931217096424,0.6748086652359249,0.5617191213775529,1.0924465091954554,20.756395156991065,9.10444858399278,8.321743449834958,1.0334176776398813
C-4112082_1-2007-07-03,4112082_1,cmap_real,0,0,real_secundario,1300.0,1.55,18.7062245616512,0.5147222222222222,0.8018721228628269,37.37092587233314,36.34236827951663,2.752293577981652,0.628689515412149,16.621694549379384,0.2077561201646465,0.0,16.95759733361733,21.7954549412783,1.114113434591015,16.79023336480827,1.1755454485109753,1.0059959108201373,1.4497264731811168,56.98257918606629,24.777390261920136,19.29185164940758,1.0334176776398813
C-4112082_1-2007-07-05,4112082_1,cmap_real,0,0,real_secundario,1300.0,1.55,20.475342388503545,0.5516666666666666,0.7814277141945938,38.1330742879528,37.11542426919072,2.6686807653575024,0.6688596706720817,17.270896273917423,0.1982003603603777,0.0,17.395518942526802,21.6343141299055,1.1784002502148283,17.375541446779895,1.2127544099968357,1.0604735759399844,1.5048256605721253,55.43073968818298,24.230296804471955,18.524193594055895,1.0334176776398813
C-4113492_1-2007-05-17,4113492_1,cmap_real,0,0,real_secundario,1300.0,1.55,21.895352309432383,0.6230555555555556,0.9591076545935884,37.09330273597956,35.14189403208051,5.2608114132857775,0.5132718037244314,15.247436469014714,0.1683702614186084,0.0,12.234298003218989,15.686173168175037,1.3034928591798458,16.797447070948188,1.009989619532927,0.8692360007074101,1.3511527687665634,43.79623468267167,17.82332373571219,14.219318798813164,1.0334176776398813
C-4114555_1-2007-05-31,4114555_1,cmap_real,0,0,real_secundario,1300.0,1.55,55.14708129549227,1.0697222222222222,0.4533331486038863,53.38249332179946,51.55271167586917,3.4276811217865486,0.5632357247645662,38.22383796416516,0.1392285875531094,0.0,8.979118539054296,11.80442451204899,3.0829611560233845,17.887699034983875,1.9024125020390743,1.579667570925915,1.9459638584754428,29.194971132062435,13.678523494419728,11.303658293993243,1.0334176776398813
C-4115766_1-2007-03-28,4115766_1,cmap_real,0,0,real_secundario,1300.0,1.55,195.79338519444903,4.5152777777777775,0.4698830857264747,44.67901791962579,43.36242305136983,2.9467856044294063,0.4713605988613211,27.302368501999386,0.1302694740213111,0.0,8.95864423298906,11.149913377347277,10.963990399827749,17.85785813872339,6.074721312528181,5.301191891030821,5.064799226470009,28.704139044871184,12.544933375660843,11.739856898594217,1.0334176776398813
C-4115766_2-2007-03-28,4115766_2,cmap_real,0,0,real_secundario,1300.0,1.55,26.45243064265843,0.9297222222222222,1.436540955851498,29.88037349029506,28.451972008834883,4.780400358530027,0.6003195633743411,0.6573050492978787,0.2037429129727027,0.0,17.33605542345053,20.749980530972213,1.6717310392773368,15.823377099041844,1.631830387812706,1.4429054221468227,1.832739118410249,60.76699636401607,23.03803584271981,18.546972547134743,1.0334176776398813
C-4115957_1-2007-04-09,4115957_1,cmap_real,0,0,real_secundario,1300.0,1.55,116.74227726578576,2.0494444444444446,0.2741080673554618,59.09339119190504,56.96288942217792,3.6053130929791273,0.4646582297830781,49.864461913797776,0.1297081292802599,0.0,7.509737833091118,9.99165055882822,6.12621105892765,19.05619576975865,3.242349883647523,2.6935507263429748,2.8509366945565917,24.73729248080489,11.650492964504886,9.15741713493424,1.0334176776398813
C-4115985_1-2007-04-23,4115985_1,cmap_real,0,0,real_secundario,1300.0,1.55,6.489786575552111,0.1766666666666666,1.540882721424358,38.68084713905232,36.7346409936912,5.031446540880504,0.7472743141563059,14.30817610062893,0.2579797219809157,0.0,19.76190661767779,26.513563482295545,0.4046548659760399,16.037831547876102,0.5274151686419145,0.4438116079450213,0.8178336522717377,65.2235263396105,30.63905093859554,19.99658344086212,1.0334176776398813
C-4116361_1-2007-03-13,4116361_1,cmap_real,0,0,real_secundario,1300.0,1.55,29.854246374702026,0.6425,0.736913594263174,48.52157424330802,46.46575311237669,4.236921746649373,0.5908689700688593,38.47816688283615,0.1791675046314317,0.0,11.540576689256126,16.029928626997428,1.7429839823764643,17.128239086854585,1.494968983409691,1.187945920088658,1.6307306223049272,41.38876763288726,18.934023914520903,14.566902612485215,1.0334176776398813
C-4116721_2-2007-04-09,4116721_2,cmap_real,0,0,real_secundario,1300.0,1.55,105.50170491426,1.5108333333333333,0.1421777971473572,70.67475580411907,69.83014114567678,1.195072623644052,0.4702821838811617,58.907887479316045,0.1133069069024244,0.0,5.485142956166745,7.382955473742326,5.683267854020633,18.5635637144258,2.2940329779159017,1.9172655873615403,2.22209763012024,17.493848108063343,8.608993088552515,9.00357508494063,1.0334176776398813
C-4116728_1-2007-04-05,4116728_1,cmap_real,0,0,real_secundario,1300.0,1.55,56.78149380139098,1.0730555555555557,0.6868435010958556,55.4416538337422,52.91570739969131,4.556044524980585,0.6153816558553229,41.70333937354388,0.153123260303142,0.0,9.783608518644744,12.704075423893798,3.170003164064532,17.912125276426092,2.041037316457268,1.7312547328177494,2.0905682134960584,29.427336976961545,14.492697484117318,12.297326695927046,1.0334176776398813
C-4116813_1-2007-04-05,4116813_1,cmap_real,0,0,real_secundario,1300.0,1.55,110.71539321103226,1.7805555555555554,0.2348363605631779,63.225795615437214,62.18025203739722,1.6536661466458658,0.5469494546324579,53.80655226209048,0.1372602174390132,0.0,7.177718656661109,9.777671621334704,6.124592004603177,18.077186713469207,3.157680128934647,2.636643470094042,2.837476326435363,22.60118034083664,11.460023316520624,10.771044380711386,1.0334176776398813
C-4116813_2-2007-04-05,4116813_2,cmap_real,0,0,real_secundario,1300.0,1.55,105.18968731812798,2.2805555555555554,0.4373052261376248,49.591785535000106,46.12458883620715,6.991473812423873,0.5133780449185479,39.20828258221681,0.1438833529234728,0.0,10.54211621069885,13.466284117895382,5.436908309452972,19.347335163853725,3.661939483354345,3.1378473076797966,3.276468100831658,34.81706103718783,15.257332014977422,10.447969086967534,1.0334176776398813
C-4116880_1-2007-04-23,4116880_1,cmap_real,0,0,real_secundario,1300.0,1.55,13.275766548408724,0.2930555555555555,0.6026017383500093,46.17657929881295,45.301193909262,1.895734597156398,0.545037274278903,36.492890995260666,0.1722259410217191,0.0,13.928132395207896,18.29849876182024,0.7265966049979493,18.27116512393585,0.6380707888386775,0.5600124881744206,1.0651390831883518,44.155161113305695,20.58838716461839,14.587628752016188,1.0334176776398813
C-4118093_1-2007-08-13,4118093_1,cmap_real,0,0,real_secundario,1300.0,1.55,36.24142759824537,0.9669444444444444,0.910560156896184,39.309773833589446,37.48036177928277,4.653835104854927,0.5106371895018159,25.193909796035623,0.1733385955295801,0.0,12.368889623186815,15.553682632099363,2.143087051128072,16.910851838318333,1.6287661386423276,1.4222029156365426,1.8235908251481925,39.908390451135794,17.578054730563057,14.457733431870512,1.0334176776398813
