perfil,escenario,n,media,de,cv,min,p10,p25,mediana,p75,p90,max,pct_20,pct_25
Colectivo,conservador,100,15.3085346350731,1.0783369857269731,7.044024862160323,12.46957139645984,13.973681339627186,14.702432539814854,15.294059157524785,16.124776154380672,16.5622855288146,18.2074693305333,0.0,0.0
Colectivo,referencia,100,19.746592007725873,1.320992942145502,6.68972621518013,16.12690498319337,18.24932543999302,19.0319970190681,19.601201693794103,20.723853263395267,21.367083107187245,23.54111626884882,41.0,0.0
Colectivo,ampliado,100,22.53452523132059,1.5120789799545509,6.710054746806567,18.41919341456475,20.882593515944404,21.69322222577854,22.302362119955706,23.61550547902925,24.40252378199046,26.94642079358603,95.0,3.0
Aplicación,conservador,100,12.65816254959908,1.1667806307831796,9.217614533004514,10.42327093621692,11.30831418719343,11.795060723654803,12.492126964171877,13.315015225622389,14.032536293514909,17.259385787804405,0.0,0.0
Aplicación,referencia,100,16.26594109858163,1.4205470605620878,8.733260817512475,13.562437551278736,14.67178062778712,15.303821408032142,16.117954354739364,17.14711434021391,17.832511917418937,21.75428176505306,1.0,0.0
Aplicación,ampliado,100,18.63018679770014,1.6080362502885142,8.631347971706989,15.535274863481783,16.7785525332536,17.46730688309049,18.58442621290861,19.641219775611972,20.49187433511235,24.74298444189476,18.0,0.0
Particular,conservador,100,11.917478143820299,1.0788584092092848,9.052740824775224,9.473630993631067,10.467617318264573,11.286816662418587,11.912566582812133,12.666593430787145,13.151753934538286,15.523858861489414,0.0,0.0
Particular,referencia,100,15.249911328854052,1.3324871646823397,8.737671557218613,12.073439732312416,13.652560525727912,14.264329096350808,15.347014959007847,16.228513309562608,16.805644661885164,19.590315820510188,0.0,0.0
Particular,ampliado,100,17.44300945944708,1.5282251413907217,8.761246990914403,13.774747600654752,15.48879204641445,16.291705121279758,17.6450213204992,18.422560822857466,19.212482394440933,22.27761499559834,3.0,0.0
Chicago real (jornadas),referencia,45,13.591683947834525,5.881300119475738,43.271313120937954,1.2303082708598687,7.241900693384946,9.863529066592868,12.558661147573211,18.29849876182024,21.55051259679834,26.513563482295545,24.444444444444443,2.2222222222222223
