variable,importancia,de
energia_cinetica_km,0.17973153064363973,0.025768479240427744
pct_detenido,0.12153755694032213,0.02210321487347896
desnivel_pos_km,0.12056534308924745,0.01969583727062467
cilindrada_l,0.10821989438575981,0.02238672935670073
km_dia,0.10161189901309642,0.0175260214959835
acel_pos_media,0.06718830302170173,0.016244351981970873
masa_kg,0.022921619401916792,0.010687018395082085
pct_sobre_60,0.014498140175086133,0.006210156646985311
detenciones_km,0.00029662820715832815,0.0022178692049374103
vel_mov_media,-0.00024297218401400644,0.002238646140742865
vel_media,-0.0012889248352649374,0.002832075000156128
