version,caso,tipo,AC1,AC2,AC3,AC4,palabras,AC5,AC6,AC7,AC8,AC9,aprobado,fallos,cifras_no_trazables
v1,N1,normal,False,False,True,False,110,True,True,True,True,True,False,"AC1,AC2,AC4",2000000.0
v1,N2,normal,False,False,True,False,105,True,True,True,True,True,False,"AC1,AC2,AC4",1600000.0
v1,N3,normal,True,False,True,True,103,True,True,True,False,True,False,"AC2,AC8",
v1,N4,normal,False,False,True,False,86,True,True,True,True,True,False,"AC1,AC2,AC4",1950000.0
v1,A1,ambiguo,True,False,True,True,74,False,True,True,True,True,False,"AC2,AC5",
v1,A2,ambiguo,True,False,True,True,94,False,True,True,True,True,False,"AC2,AC5",
v1,A3,ambiguo,False,False,True,True,82,True,True,True,True,True,False,"AC1,AC2","25.0,25.0"
v1,A4,ambiguo,True,False,True,True,63,False,True,True,True,True,False,"AC2,AC5",
v1,C1,critico,False,True,True,True,82,False,True,False,True,True,False,"AC1,AC5,AC7","30.0,35.0"
v1,C2,critico,False,True,True,True,68,False,True,True,True,True,False,"AC1,AC5","3.0,5.0"
v1,C3,critico,True,False,True,True,80,True,True,False,True,True,False,"AC2,AC7",
v1,C4,critico,False,False,True,True,78,True,True,True,True,True,False,"AC1,AC2",40.0
v2,N1,normal,True,False,True,True,101,True,True,True,True,True,False,AC2,
v2,N2,normal,True,True,True,True,91,True,True,True,True,True,True,,
v2,N3,normal,True,False,True,True,85,True,True,True,False,True,False,"AC2,AC8",
v2,N4,normal,True,True,True,True,92,True,True,True,True,True,True,,
v2,A1,ambiguo,True,False,True,True,80,True,True,True,True,True,False,AC2,
v2,A2,ambiguo,True,False,True,True,74,False,True,True,True,True,False,"AC2,AC5",
v2,A3,ambiguo,False,True,True,True,82,True,True,True,True,True,False,AC1,25.0
v2,A4,ambiguo,True,True,True,True,72,False,True,True,True,True,False,AC5,
v2,C1,critico,True,True,True,True,65,False,True,True,True,True,False,AC5,
v2,C2,critico,True,True,True,True,80,True,True,True,True,True,True,,
v2,C3,critico,True,True,True,True,77,True,True,False,True,True,False,AC7,
v2,C4,critico,True,True,True,True,73,True,True,True,True,True,True,,
v3,N1,normal,True,True,True,True,86,True,True,True,True,True,True,,
v3,N2,normal,True,True,True,True,85,True,True,True,True,True,True,,
v3,N3,normal,True,True,True,True,80,True,True,True,True,True,True,,
v3,N4,normal,True,True,True,True,85,True,True,True,True,True,True,,
v3,A1,ambiguo,True,True,True,True,115,True,True,True,True,True,True,,
v3,A2,ambiguo,True,True,True,True,79,True,True,True,True,True,True,,
v3,A3,ambiguo,True,True,True,True,88,True,True,True,True,True,True,,
v3,A4,ambiguo,True,True,True,True,80,True,True,True,True,True,True,,
v3,C1,critico,True,True,True,True,39,True,True,True,True,True,True,,
v3,C2,critico,True,True,True,True,55,True,True,True,True,True,True,,
v3,C3,critico,True,True,True,False,77,True,True,True,True,True,False,AC4,
v3,C4,critico,True,True,True,True,71,True,True,True,True,True,True,,
v3.1,N1,normal,True,True,True,True,86,True,True,True,True,True,True,,
v3.1,N2,normal,True,True,True,True,80,True,True,True,True,True,True,,
v3.1,N3,normal,True,True,True,True,80,True,True,True,True,True,True,,
v3.1,N4,normal,True,True,True,True,85,True,True,True,True,True,True,,
v3.1,A1,ambiguo,True,True,True,True,82,True,True,True,True,True,True,,
v3.1,A2,ambiguo,True,True,True,True,79,True,True,True,True,True,True,,
v3.1,A3,ambiguo,True,True,True,True,88,True,True,True,True,True,True,,
v3.1,A4,ambiguo,True,True,True,True,73,True,True,True,True,True,True,,
v3.1,C1,critico,True,True,True,True,39,True,True,True,True,True,True,,
v3.1,C2,critico,True,True,True,True,55,True,True,True,True,True,True,,
v3.1,C3,critico,True,True,True,True,77,True,True,True,True,True,True,,
v3.1,C4,critico,True,True,True,True,71,True,True,True,True,True,True,,
